{
  "dark_noise": {
    "0": [
      1.852724381024018e-05,
      1.0248922094414686e-05,
      2.145552571164444e-05,
      1.0385660614202848e-05
    ],
    "1": [
      1.820192665036302e-05,
      1.1777332550643086e-05,
      1.6457109950351878e-05,
      1.3053777540524496e-05
    ],
    "2": [
      1.7348330629829434e-05,
      7.256798539695831e-06,
      1.497468474553898e-05,
      1.1257228398194921e-05
    ],
    "3": [
      1.4873509144308628e-05,
      1.1007801259672655e-05,
      2.059571215795586e-05,
      1.1244153570747274e-05
    ],
    "4": [
      1.8169275790569372e-05,
      9.035242235136544e-06,
      1.911634171847254e-05,
      1.0268535947951806e-05
    ],
    "5": [
      1.6138729961312492e-05,
      7.072919521426332e-06,
      1.701826590760902e-05,
      8.683760329500723e-06
    ],
    "6": [
      1.5084825690792059e-05,
      9.439563495242225e-06,
      1.75299112470384e-05,
      9.851602537702333e-06
    ],
    "7": [
      1.5306418390537146e-05,
      8.963469891399794e-06,
      2.1138416741450783e-05,
      1.158558592778908e-05
    ],
    "8": [
      1.9301385236758506e-05,
      6.435860840230551e-06,
      2.169406116081518e-05,
      1.3777748242477525e-05
    ],
    "9": [
      1.711419827188365e-05,
      8.62318740479027e-06,
      2.270375262014568e-05,
      9.194407739303843e-06
    ],
    "10": [
      1.6816067045510863e-05,
      6.740574858463239e-06,
      1.4846733620288433e-05,
      9.975755103099475e-06
    ],
    "11": [
      1.9179440187144792e-05,
      8.555805334483637e-06,
      1.7916332808454172e-05,
      1.0799597745969078e-05
    ],
    "12": [
      1.4846527847112156e-05,
      7.838822574702609e-06,
      1.9161975615133997e-05,
      1.0876435529691708e-05
    ],
    "13": [
      1.852692093962105e-05,
      5.855075212147674e-06,
      1.6726652347642812e-05,
      9.170156254206624e-06
    ],
    "14": [
      1.547854139971605e-05,
      7.502423886932506e-06,
      1.638548724258726e-05,
      6.459297419431214e-06
    ],
    "15": [
      1.3237923894848791e-05,
      4.866638155303202e-06,
      1.6414720676038996e-05,
      4.085409706823091e-06
    ]
  },
  "amplitudes": [
    [
      0.0003987877062172629,
      0.0013147389108780771
    ],
    [
      0.04797628615051508,
      0.0805982481688261
    ],
    [
      0.0005759451596532017,
      0.0012658019841182977
    ],
    [
      0.00010155016752833035,
      0.0005428267104434781
    ],
    [
      7.351934982580133e-05,
      0.0002901720108638983
    ],
    [
      0.0008230889216065407,
      0.0025861055473797023
    ],
    [
      0.014939600368961692,
      0.02962167141959071
    ],
    [
      0.0015892415831331164,
      0.004234125080984086
    ],
    [
      0.020631062798202038,
      0.03989666700363159
    ],
    [
      0.00020467843569349498,
      0.0007484496018150821
    ],
    [
      0.00048105499445227906,
      0.0013916644093114883
    ],
    [
      0.0005592991874436848,
      0.0018765493587125093
    ],
    [
      0.06703601952513621,
      0.12560384321372486
    ],
    [
      0.035488268267312016,
      0.07197081485004461
    ],
    [
      0.6,
      0.7895016300812323
    ],
    [
      0.002610770461615175,
      0.006937824655324221
    ],
    [
      0.04371834918856621,
      0.07606105878949165
    ],
    [
      0.004199937684461474,
      0.009732904727570713
    ],
    [
      0.006394549855031073,
      0.012854015221819282
    ],
    [
      0.051996157751661394,
      0.1219434249747702
    ],
    [
      0.3428322163753387,
      0.6
    ],
    [
      0.012715166036248057,
      0.02846114124090601
    ],
    [
      0.008877640939317644,
      0.022912577260285616
    ],
    [
      0.01192367635667324,
      0.027183995116502047
    ],
    [
      0.10930021293461323,
      0.18627673387527466
    ],
    [
      0.011130342027172446,
      0.029583405703306198
    ],
    [
      0.03761980449780822,
      0.06904549431055784
    ],
    [
      0.0021128424850758165,
      0.006820312701165676
    ],
    [
      0.001937145134434104,
      0.0048967014299705625
    ],
    [
      0.2446556532075308,
      0.6
    ],
    [
      0.026605916292940013,
      0.06181475850963769
    ],
    [
      0.06088474128231835,
      0.12972477328075097
    ],
    [
      0.0010284584277542308,
      0.0035576499067246914
    ],
    [
      0.00300664542010054,
      0.00927074404899031
    ],
    [
      0.001904605160234496,
      0.00473334250273183
    ],
    [
      0.000643630264676176,
      0.0017928726447280496
    ],
    [
      0.0019609881564974785,
      0.007536193006671965
    ],
    [
      0.0011209661170141771,
      0.0042675723670981824
    ],
    [
      0.0001941936534421984,
      0.0007394549902528524
    ],
    [
      0.00022359667127602734,
      0.0007128518336685374
    ],
    [
      0.0011865201668115333,
      0.0027326890267431736
    ],
    [
      9.101069736061618e-05,
      0.0002818691609718371
    ],
    [
      0.00020775316443177871,
      0.0006841011781943962
    ],
    [
      0.011331918649375439,
      0.034561839420348406
    ],
    [
      0.00018258844647789374,
      0.0006686454435111955
    ],
    [
      6.905251666466938e-05,
      0.0002693499845918268
    ],
    [
      0.00015610901755280793,
      0.00038401947676902637
    ],
    [
      5.753154709964292e-05,
      0.00019307546608615667
    ]
  ],
  "signal_quality": [
    {
      "level": 1,
      "saturated": false,
      "xtalk": false
    },
    {
      "level": 3,
      "saturated": false,
      "xtalk": false
    },
    {
      "level": 2,
      "saturated": false,
      "xtalk": false
    },
    {
      "level": 1,
      "saturated": false,
      "xtalk": false
    },
    {
      "level": 1,
      "saturated": false,
      "xtalk": false
    },
    {
      "level": 2,
      "saturated": false,
      "xtalk": false
    },
    {
      "level": 3,
      "saturated": false,
      "xtalk": false
    },
    {
      "level": 2,
      "saturated": false,
      "xtalk": false
    },
    {
      "level": 3,
      "saturated": false,
      "xtalk": false
    },
    {
      "level": 1,
      "saturated": false,
      "xtalk": false
    },
    {
      "level": 1,
      "saturated": false,
      "xtalk": false
    },
    {
      "level": 2,
      "saturated": false,
      "xtalk": false
    },
    {
      "level": 3,
      "saturated": false,
      "xtalk": false
    },
    {
      "level": 3,
      "saturated": false,
      "xtalk": false
    },
    {
      "level": 3,
      "saturated": false,
      "xtalk": false
    },
    {
      "level": 2,
      "saturated": false,
      "xtalk": false
    },
    {
      "level": 3,
      "saturated": false,
      "xtalk": false
    },
    {
      "level": 3,
      "saturated": false,
      "xtalk": false
    },
    {
      "level": 3,
      "saturated": false,
      "xtalk": false
    },
    {
      "level": 3,
      "saturated": false,
      "xtalk": false
    },
    {
      "level": 3,
      "saturated": false,
      "xtalk": false
    },
    {
      "level": 3,
      "saturated": false,
      "xtalk": false
    },
    {
      "level": 3,
      "saturated": false,
      "xtalk": false
    },
    {
      "level": 3,
      "saturated": false,
      "xtalk": false
    },
    {
      "level": 3,
      "saturated": false,
      "xtalk": false
    },
    {
      "level": 3,
      "saturated": false,
      "xtalk": false
    },
    {
      "level": 3,
      "saturated": false,
      "xtalk": false
    },
    {
      "level": 2,
      "saturated": false,
      "xtalk": false
    },
    {
      "level": 2,
      "saturated": false,
      "xtalk": false
    },
    {
      "level": 3,
      "saturated": false,
      "xtalk": false
    },
    {
      "level": 3,
      "saturated": false,
      "xtalk": false
    },
    {
      "level": 3,
      "saturated": false,
      "xtalk": false
    },
    {
      "level": 2,