{
  "dark_noise": {
    "0": [
      1.604863314241811e-05,
      7.5902270824022555e-06,
      2.265965122205671e-05,
      9.949241210723573e-06
    ],
    "1": [
      1.2771333786076866e-05,
      6.97110221696051e-06,
      1.5296451465474092e-05,
      7.4405879721286986e-06
    ],
    "2": [
      1.2845283663409646e-05,
      8.161651053113275e-06,
      1.6980521877485444e-05,
      5.604464536599191e-06
    ],
    "3": [
      1.6360190784325823e-05,
      8.59243479308362e-06,
      1.2934791584484628e-05,
      1.1162401134288533e-05
    ],
    "4": [
      1.301208953918831e-05,
      5.839087760661541e-06,
      9.854740028458764e-06,
      8.534642582961726e-06
    ],
    "5": [
      1.3650313803736935e-05,
      3.839121102922271e-06,
      1.5469464642592357e-05,
      8.54261215133692e-06
    ],
    "6": [
      1.2516709375631763e-05,
      7.892815426615926e-06,
      1.4662928151665255e-05,
      8.467329769440562e-06
    ],
    "7": [
      1.388752821185335e-05,
      8.480694952354686e-06,
      1.585793597769225e-05,
      8.24235823469652e-06
    ],
    "8": [
      1.0045722547147307e-05,
      8.59662248548704e-06,
      1.6455155673611443e-05,
      9.316814661738839e-06
    ],
    "9": [
      1.7624191741560935e-05,
      7.048386400789506e-06,
      1.5709711078670807e-05,
      8.581071840616323e-06
    ],
    "10": [
      1.6805647646833677e-05,
      5.4940577895911245e-06,
      1.818355826799234e-05,
      6.11222075480784e-06
    ],
    "11": [
      1.561949034112331e-05,
      7.144230739654255e-06,
      1.6673051277393824e-05,
      9.958760718120614e-06
    ],
    "12": [
      8.80638538092171e-06,
      6.470381071821164e-06,
      1.6860498135429225e-05,
      8.37664589803652e-06
    ],
    "13": [
      1.5846931091800798e-05,
      6.617746940677739e-06,
      1.8277196431881748e-05,
      8.651990806321414e-06
    ],
    "14": [
      1.700545908533968e-05,
      6.415703072467234e-06,
      1.37277572775929e-05,
      8.739075173747305e-06
    ],
    "15": [
      1.0901547966568614e-05,
      7.968554538403787e-06,
      1.3777021194982808e-05,
      8.655033659465668e-06
    ]
  },
  "amplitudes": [
    [
      0.00043296662624925375,
      0.001323735195910558
    ],
    [
      0.0015112340042833239,
      0.004327425558585674
    ],
    [
      0.0019437988521531224,
      0.004048922273796052
    ],
    [
      0.004577912914101034,
      0.01163325272500515
    ],
    [
      0.0013102212687954307,
      0.002872995100915432
    ],
    [
      0.02105975989252329,
      0.03368433564901352
    ],
    [
      0.0009809429320739582,
      0.0022569224529433995
    ],
    [
      0.006871341611258686,
      0.01144113251939416
    ],
    [
      0.033434510696679354,
      0.06624281872063875
    ],
    [
      0.005445178248919547,
      0.010423435596749187
    ],
    [
      0.0029367493698373437,
      0.005275245639495552
    ],
    [
      0.0006642963853664696,
      0.0017973977082874626
    ],
    [
      0.011086540149726968,
      0.020871097623921843
    ],
    [
      0.10345526983148436,
      0.13800338970455342
    ],
    [
      0.4109709001498607,
      0.6
    ],
    [
      0.0018159336468670517,
      0.004408540262375027
    ],
    [
      0.030443903524428606,
      0.07555916905403137
    ],
    [
      0.015397846000269055,
      0.03779679769650102
    ],
    [
      0.013766740448772907,
      0.02380882389843464
    ],
    [
      0.013432830848823407,
      0.03188041275913755
    ],
    [
      0.45977852686463627,
      0.5999999999999999
    ],
    [
      0.059667601595082706,
      0.08503800976630504
    ],
    [
      0.002954912488348782,
      0.008543040021322668
    ],
    [
      0.17355583608150482,
      0.2396097593009472
    ],
    [
      0.47238489034809267,
      0.6000000000000001
    ],
    [
      0.050407870358732274,
      0.0794061203771589
    ],
    [
      0.016052620395456768,
      0.033774960702908446
    ],
    [
      0.39030542044702604,
      0.5999999999999999
    ],
    [
      0.0049243507708580155,
      0.011223534883040261
    ],
    [
      0.4768457491363953,
      0.5999999999999999
    ],
    [
      0.08986097672598226,
      0.14508340142094095
    ],
    [
      0.12266932890447291,
      0.1391679360761243
    ],
    [
      0.021442174911499023,
      0.039636106230318546
    ],
    [
      0.07695228327065706,
      0.1385499257594347
    ],
    [
      0.036159418523311615,
      0.08413746021687984
    ],
    [
      0.002495647349860519,
      0.005041127442382276
    ],
    [
      0.06857788190245628,
      0.1477580890059471
    ],
    [
      0.23634867742657661,
      0.29756443575024605
    ],
    [
      0.0069888593861833215,
      0.01665569725446403
    ],
    [
      0.02954681171104312,
      0.04510174971073866
    ],
    [
      0.0035834696609526873,
      0.011506261071190238
    ],
    [
      0.0028482312336564064,
      0.008109545451588929
    ],
    [
      0.005025858408771455,
      0.011902122059836984
    ],
    [
      0.6,
      0.7357153227009698
    ],
    [
      0.02701342132285995,
      0.04060227666518012
    ],
    [
      0.0007963831740198657,
      0.0025415830896236002
    ],
    [
      0.0024468160700052977,
      0.006219742936082184
    ],
    [
      0.0019740786228794605,
      0.004431283159647137
    ]
  ],
  "signal_quality": [
    {
      "level": 1,
      "saturated": false,
      "xtalk": false
    },
    {
      "level": 2,
      "saturated": false,
      "xtalk": false
    },
    {
      "level": 2,
      "saturated": false,
      "xtalk": false
    },
    {
      "level": 3,
      "saturated": false,
      "xtalk": false
    },
    {
      "level": 2,
      "saturated": false,
      "xtalk": false
    },
    {
      "level": 3,
      "saturated": false,
      "xtalk": false
    },
    {
      "level": 2,
      "saturated": false,
      "xtalk": false
    },
    {
      "level": 3,
      "saturated": false,
      "xtalk": false
    },
    {
      "level": 3,
      "saturated": false,
      "xtalk": false
    },
    {
      "level": 3,
      "saturated": false,
      "xtalk": false
    },
    {
      "level": 2,
      "saturated": false,
      "xtalk": false
    },
    {
      "level": 2,
      "saturated": false,
      "xtalk": false
    },
    {
      "level": 3,
      "saturated": false,
      "xtalk": false
    },
    {
      "level": 3,
      "saturated": false,
      "xtalk": false
    },
    {
      "level": 3,
      "saturated": false,
      "xtalk": false
    },
    {
      "level": 2,
      "saturated": false,
      "xtalk": false
    },
    {
      "level": 3,
      "saturated": false,
      "xtalk": false
    },
    {
      "level": 3,
      "saturated": false,
      "xtalk": false
    },
    {
      "level": 3,
      "saturated": false,
      "xtalk": false
    },
    {
      "level": 3,
      "saturated": false,
      "xtalk": false
    },
    {
      "level": 3,
      "saturated": false,
      "xtalk": false
    },
    {
      "level": 3,
      "saturated": false,
      "xtalk": false
    },
    {
      "level": 2,
      "saturated": false,
      "xtalk": false
    },
    {
      "level": 3,
      "saturated": false,
      "xtalk": false
    },
    {
      "level": 3,
      "saturated": false,
      "xtalk": false
    },
    {
      "level": 3,
      "saturated": false,
      "xtalk": false
    },
    {
      "level": 3,
      "saturated": false,
      "xtalk": false
    },
    {
      "level": 3,
      "saturated": false,
      "xtalk": false
    },
    {
      "level": 3,
      "saturated": false,
      "xtalk": false
    },
    {
      "level": 3,
      "saturated": false,
      "xtalk": false
    },
    {
      "level": 3,
      "saturated": false,
      "xtalk": false
    },
    {
      "level": 3,
      "saturated": false,
      "xtalk": false
    },
    {
      "level": 3,
      "saturated": false,