{
  "dark_noise": {
    "0": [
      1.3279360473461566e-05,
      9.624072156785134e-06,
      2.0126415165577782e-05,
      7.92452342779265e-06
    ],
    "1": [
      1.2526792261269293e-05,
      9.814173041035407e-06,
      1.3688986655324697e-05,
      1.0805532167664423e-05
    ],
    "2": [
      1.6380367924284656e-05,
      9.61361934565738e-06,
      1.6792261021691957e-05,
      8.450386895524568e-06
    ],
    "3": [
      1.870246819635213e-05,
      9.43953307390386e-06,
      1.9510637230268912e-05,
      9.50778996029873e-06
    ],
    "4": [
      1.738299943099264e-05,
      9.835919279068307e-06,
      1.68240637776762e-05,
      9.33749284790888e-06
    ],
    "5": [
      1.4174297575664241e-05,
      7.836339675447811e-06,
      1.877056888588413e-05,
      1.2564647350903392e-05
    ],
    "6": [
      1.9491719740472035e-05,
      8.15156515836947e-06,
      1.517944724582776e-05,
      1.2057914511017825e-05
    ],
    "7": [
      1.749654188643035e-05,
      1.1399065916850537e-05,
      1.682076458564552e-05,
      1.0390323321901821e-05
    ],
    "8": [
      1.9125548078591237e-05,
      7.257231837969247e-06,
      1.8814533859767835e-05,
      8.728769702626714e-06
    ],
    "9": [
      1.8572478666101233e-05,
      8.983018335242914e-06,
      1.8457698161000735e-05,
      9.15951838160517e-06
    ],
    "10": [
      1.794637796592724e-05,
      8.122366844206955e-06,
      1.864052478595113e-05,
      1.0998302258525804e-05
    ],
    "11": [
      1.6388399899369688e-05,
      8.077794801555946e-06,
      2.0398640572238946e-05,
      1.0533451285189682e-05
    ],
    "12": [
      1.2820531765100895e-05,
      6.478555704289645e-06,
      1.8309552842765697e-05,
      8.160597763849104e-06
    ],
    "13": [
      1.8141607824873063e-05,
      9.981848903063478e-06,
      1.590863689671096e-05,
      1.0966809043947242e-05
    ],
    "14": [
      1.592919488757616e-05,
      8.157223200637158e-06,
      2.0299955849623075e-05,
      9.499692023170598e-06
    ],
    "15": [
      1.804407474992331e-05,
      1.2048091765914309e-05,
      1.623944967832358e-05,
      6.870066028058471e-06
    ]
  },
  "amplitudes": [
    [
      8.285205694846809e-05,
      0.00019290595446364023
    ],
    [
      0.006300988607108593,
      0.013561410596594214
    ],
    [
      0.0003624760574894026,
      0.0008303814684040844
    ],
    [
      0.0002470167419232894,
      0.0005951426282990724
    ],
    [
      0.00038755064451834187,
      0.0007643073331564665
    ],
    [
      0.0039060457493178546,
      0.006764206918887794
    ],
    [
      0.0029570903279818594,
      0.007014146540313959
    ],
    [
      0.002709681575652212,
      0.004777328867930919
    ],
    [
      0.04070423077791929,
      0.07278621196746826
    ],
    [
      0.0005978930494165979,
      0.0010139623191207647
    ],
    [
      0.0008760364289628342,
      0.0014026065764483064
    ],
    [
      0.0010397311416454613,
      0.0017570982163306326
    ],
    [
      0.032730877550975965,
      0.044563387486174916
    ],
    [
      0.053484543871440283,
      0.0638752318487779
    ],
    [
      0.4396676271656655,
      0.6000000000000001
    ],
    [
      0.0057589850621297956,
      0.011164317838847637
    ],
    [
      0.01836400479078293,
      0.036219824105501175
    ],
    [
      0.005336115718819201,
      0.009354272042401135
    ],
    [
      0.01665079384110868,
      0.028508026152849197
    ],
    [
      0.22248299792408943,
      0.4113323614001274
    ],
    [
      0.30473358929157257,
      0.44773489236831665
    ],
    [
      0.05505051929503679,
      0.1006982009857893
    ],
    [
      0.003494948905427009,
      0.007775768171995878
    ],
    [
      0.022999842185527086,
      0.042194612324237823
    ],
    [
      0.17704496160149574,
      0.28718849644064903
    ],
    [
      0.07970492355525494,
      0.1438005268573761
    ],
    [
      0.09186716750264168,
      0.16663406044244766
    ],
    [
      0.0808126199990511,
      0.16673242673277855
    ],
    [
      0.011169379577040672,
      0.025299591943621635
    ],
    [
      0.40306922925356703,
      0.6
    ],
    [
      0.050022052376737125,
      0.07857612304220156
    ],
    [
      0.11206120288504973,
      0.11015794609557429
    ],
    [
      0.01411069999448955,
      0.029343708883970976
    ],
    [
      0.03251757472753525,
      0.05554597359150648
    ],
    [
      0.0034443059121258557,
      0.008634031401015818
    ],
    [
      0.003991858102381229,
      0.00620502105448395
    ],
    [
      0.07802132051438093,
      0.14953158795833588
    ],
    [
      0.14068574644625187,
      0.1950608566403389
    ],
    [
      0.005032670451328158,
      0.007891068235039711
    ],
    [
      0.008192323730327189,
      0.012944642221555114
    ],
    [
      0.001806370128178969,
      0.005207380745559931
    ],
    [
      0.001082237286027521,
      0.002092596114380285
    ],
    [
      0.0008385387627640739,
      0.0017141136049758643
    ],
    [
      0.07022036239504814,
      0.1252859365195036
    ],
    [
      0.0005891274122404866,
      0.0014525158621836454
    ],
    [
      0.000300735846394673,
      0.0009155524458037689
    ],
    [
      0.0006290851160883904,
      0.002192525571445003
    ],
    [
      0.0001356372104055481,
      0.00033981941669480875
    ]
  ],
  "signal_quality": [
    {
      "level": 1,
      "saturated": false,
      "xtalk": false
    },
    {
      "level": 3,
      "saturated": false,
      "xtalk": false
    },
    {
      "level": 1,
      "saturated": false,
      "xtalk": false
    },
    {
      "level": 1,
      "saturated": false,
      "xtalk": false
    },
    {
      "level": 1,
      "saturated": false,
      "xtalk": false
    },
    {
      "level": 3,
      "saturated": false,
      "xtalk": false
    },
    {
      "level": 2,
      "saturated": false,
      "xtalk": false
    },
    {
      "level": 2,
      "saturated": false,
      "xtalk": false
    },
    {
      "level": 3,
      "saturated": false,
      "xtalk": false
    },
    {
      "level": 2,
      "saturated": false,
      "xtalk": false
    },
    {
      "level": 2,
      "saturated": false,
      "xtalk": false
    },
    {
      "level": 2,
      "saturated": false,
      "xtalk": false
    },
    {
      "level": 3,
      "saturated": false,
      "xtalk": false
    },
    {
      "level": 3,
      "saturated": false,
      "xtalk": false
    },
    {
      "level": 3,
      "saturated": false,
      "xtalk": false
    },
    {
      "level": 3,
      "saturated": false,
      "xtalk": false
    },
    {
      "level": 3,
      "saturated": false,
      "xtalk": false
    },
    {
      "level": 3,
      "saturated": false,
      "xtalk": false
    },
    {
      "level": 3,
      "saturated": false,
      "xtalk": false
    },
    {
      "level": 3,
      "saturated": false,
      "xtalk": false
    },
    {
      "level": 3,
      "saturated": false,
      "xtalk": false
    },
    {
      "level": 3,
      "saturated": false,
      "xtalk": false
    },
    {
      "level": 3,
      "saturated": false,
      "xtalk": false
    },
    {
      "level": 3,
      "saturated": false,
      "xtalk": false
    },
    {
      "level": 3,
      "saturated": false,
      "xtalk": false
    },
    {
      "level": 3,
      "saturated": false,
      "xtalk": false
    },
    {
      "level": 3,
      "saturated": false,
      "xtalk": false
    },
    {
      "level": 3,
      "saturated": false,
      "xtalk": false
    },
    {
      "level": 3,
      "saturated": false,
      "xtalk": false
    },
    {
      "level": 3,
      "saturated": false,
      "xtalk": false
    },
    {
      "level": 3,
      "saturated": false,
      "xtalk": false
    },
    {
      "level": 3,
      "saturated": false,
      "xtalk": false
    },
    {
      "level": 3,
      "saturated": false,