{
  "dark_noise": {
    "0": [
      1.5550386933682603e-05,
      7.409362420296793e-06,
      1.574895577505231e-05,
      7.564076097020886e-06
    ],
    "1": [
      1.8379345192442997e-05,
      7.743064558180987e-06,
      1.368700509374321e-05,
      1.0382011167227706e-05
    ],
    "2": [
      1.24859104744246e-05,
      7.269694522047212e-06,
      2.0136064904363593e-05,
      7.142479388133959e-06
    ],
    "3": [
      1.6356592595911934e-05,
      8.259621151096406e-06,
      1.9495644210110186e-05,
      1.008799262092335e-05
    ],
    "4": [
      9.915248710967717e-06,
      7.158383434464926e-06,
      1.9321887521073222e-05,
      8.67685124274161e-06
    ],
    "5": [
      1.5404912119265646e-05,
      7.417384974392656e-06,
      1.569736809869937e-05,
      9.305531986662936e-06
    ],
    "6": [
      1.3442745512293186e-05,
      1.0152284850474051e-05,
      1.1215192898816895e-05,
      1.205040854398326e-05
    ],
    "7": [
      9.314333055954194e-06,
      5.109238054953874e-06,
      1.5042323866509832e-05,
      7.365496653389188e-06
    ],
    "8": [
      1.6001398535081535e-05,
      8.073296407149414e-06,
      1.4859315342619084e-05,
      9.572078799594599e-06
    ],
    "9": [
      1.2582981980813202e-05,
      7.095189721890436e-06,
      1.7138348766820855e-05,
      8.066407038890488e-06
    ],
    "10": [
      1.1916276889678556e-05,
      7.706091445193816e-06,
      1.8758647684080643e-05,
      9.762115133275242e-06
    ],
    "11": [
      1.3703310060009244e-05,
      9.259885702459795e-06,
      1.433596366950951e-05,
      7.983552475263391e-06
    ],
    "12": [
      1.3227651152192266e-05,
      7.360940779956757e-06,
      1.298184429288085e-05,
      9.366428156663088e-06
    ],
    "13": [
      1.645273187023122e-05,
      8.456719273727931e-06,
      1.2935259974256041e-05,
      7.328996482971374e-06
    ],
    "14": [
      9.447671800444368e-06,
      1.0081963539649715e-05,
      1.6676179939167923e-05,
      9.03210555762739e-06
    ],
    "15": [
      1.6578209169892943e-05,
      5.729079354770487e-06,
      1.9535866613296093e-05,
      7.638357613612817e-06
    ]
  },
  "amplitudes": [
    [
      0.010074657620862126,
      0.019522570073604584
    ],
    [
      0.47668907791376114,
      0.5412063375115395
    ],
    [
      0.001094397230190225,
      0.0022132009326014668
    ],
    [
      0.0015102203178685158,
      0.004448052786756307
    ],
    [
      0.0009507584036327899,
      0.0023405566753353924
    ],
    [
      0.03881930373609066,
      0.06278917659074068
    ],
    [
      0.10564815253019333,
      0.1503718737512827
    ],
    [
      0.035307437647134066,
      0.06065353285521269
    ],
    [
      0.1449495181441307,
      0.2211838960647583
    ],
    [
      0.0010791248496389017,
      0.002614737895783037
    ],
    [
      0.0013642421981785446,
      0.00284172740066424
    ],
    [
      0.0005826215783599764,
      0.0012498452269937843
    ],
    [
      0.4749564559138224,
      0.5830187241438906
    ],
    [
      0.2599153932206444,
      0.32290433794744156
    ],
    [
      0.3774204162278349,
      0.6
    ],
    [
      0.0033079634886235,
      0.012139739701524377
    ],
    [
      0.04297573119401932,
      0.11176403611898422
    ],
    [
      0.017072943737730384,
      0.04787161946296692
    ],
    [
      0.009903011377900839,
      0.0211856490932405
    ],
    [
      0.017241795160763733,
      0.032588163075793264
    ],
    [
      0.4302114481278129,
      0.6
    ],
    [
      0.14592003363776285,
      0.18400485424236962
    ],
    [
      0.003101838519796729,
      0.007533229072578251
    ],
    [
      0.2636486105620861,
      0.3496985509991646
    ],
    [
      0.4566022294830838,
      0.6000000000000001
    ],
    [
      0.017500968638858624,
      0.034312769262695955
    ],
    [
      0.034636063363484626,
      0.06443820481322698
    ],
    [
      0.08371124975383282,
      0.15866974368691444
    ],
    [
      0.01826755702495575,
      0.036006688605993986
    ],
    [
      0.6,
      0.7395936693188626
    ],
    [
      0.11839701799000506,
      0.17793047480082724
    ],
    [
      0.16559298488945434,
      0.18711035697772718
    ],
    [
      0.0054463272681459785,
      0.011943220160901546
    ],
    [
      0.07376349996775389,
      0.13655769638717175
    ],
    [
      0.05148992408066988,
      0.10668187402188778
    ],
    [
      0.0048123663873411715,
      0.010055041639134288
    ],
    [
      0.11069247996787515,
      0.1929337097683856
    ],
    [
      0.49643131964800385,
      0.6
    ],
    [
      0.007657038631940714,
      0.014702306714567877
    ],
    [
      0.02816522222622116,
      0.04009278143208146
    ],
    [
      0.0029508909210562706,
      0.0076458597322925925
    ],
    [
      0.0036722631193697453,
      0.009351000771857798
    ],
    [
      0.003423319139983505,
      0.007169998134486377
    ],
    [
      0.4895211895693702,
      0.6
    ],
    [
      0.051191258404980663,
      0.07944701591615452
    ],
    [
      0.0011738639295799658,
      0.003335889196023345
    ],
    [
      0.0016869022510945797,
      0.004505746474023908
    ],
    [
      0.0015566343790851533,
      0.0032507447758689523
    ]
  ],
  "signal_quality": [
    {
      "level": 3,
      "saturated": false,
      "xtalk": false
    },
    {
      "level": 3,
      "saturated": false,
      "xtalk": false
    },
    {
      "level": 2,
      "saturated": false,
      "xtalk": false
    },
    {
      "level": 2,
      "saturated": false,
      "xtalk": false
    },
    {
      "level": 2,
      "saturated": false,
      "xtalk": false
    },
    {
      "level": 3,
      "saturated": false,
      "xtalk": false
    },
    {
      "level": 3,
      "saturated": false,
      "xtalk": false
    },
    {
      "level": 3,
      "saturated": false,
      "xtalk": false
    },
    {
      "level": 3,
      "saturated": false,
      "xtalk": false
    },
    {
      "level": 2,
      "saturated": false,
      "xtalk": false
    },
    {
      "level": 2,
      "saturated": false,
      "xtalk": false
    },
    {
      "level": 2,
      "saturated": false,
      "xtalk": false
    },
    {
      "level": 3,
      "saturated": false,
      "xtalk": false
    },
    {
      "level": 3,
      "saturated": false,
      "xtalk": false
    },
    {
      "level": 3,
      "saturated": false,
      "xtalk": false
    },
    {
      "level": 3,
      "saturated": false,
      "xtalk": false
    },
    {
      "level": 3,
      "saturated": false,
      "xtalk": false
    },
    {
      "level": 3,
      "saturated": false,
      "xtalk": false
    },
    {
      "level": 3,
      "saturated": false,
      "xtalk": false
    },
    {
      "level": 3,
      "saturated": false,
      "xtalk": false
    },
    {
      "level": 3,
      "saturated": false,
      "xtalk": false
    },
    {
      "level": 3,
      "saturated": false,
      "xtalk": false
    },
    {
      "level": 3,
      "saturated": false,
      "xtalk": false
    },
    {
      "level": 3,
      "saturated": false,
      "xtalk": false
    },
    {
      "level": 3,
      "saturated": false,
      "xtalk": false
    },
    {
      "level": 3,
      "saturated": false,
      "xtalk": false
    },
    {
      "level": 3,
      "saturated": false,
      "xtalk": false
    },
    {
      "level": 3,
      "saturated": false,
      "xtalk": false
    },
    {
      "level": 3,
      "saturated": false,
      "xtalk": false
    },
    {
      "level": 3,
      "saturated": false,
      "xtalk": false
    },
    {
      "level": 3,
      "saturated": false,
      "xtalk": false
    },
    {
      "level": 3,
      "saturated": false,
      "xtalk": false
    },
    {
      "level": 3,
      "saturated": false,
      "xtalk": false
    },
    {
      "level": 3,
      "saturated": false,