{
  "dark_noise": {
    "0": [
      1.8351976223129896e-05,
      9.367756807462e-06,
      2.16213288695144e-05,
      1.0842178820114739e-05
    ],
    "1": [
      1.2460490097510046e-05,
      1.1407636262319782e-05,
      1.740707830322208e-05,
      8.163484758573685e-06
    ],
    "2": [
      1.7557712226334843e-05,
      1.0704212922931513e-05,
      1.4085668453844846e-05,
      8.667548516588414e-06
    ],
    "3": [
      2.168627815990476e-05,
      9.004661714898811e-06,
      1.8273420892001013e-05,
      1.019791617070205e-05
    ],
    "4": [
      1.581416540830105e-05,
      7.99115190020083e-06,
      1.7002570302793174e-05,
      7.658720337455458e-06
    ],
    "5": [
      1.2864417158198194e-05,
      9.368925312501843e-06,
      1.6242465790128335e-05,
      1.1421788188469773e-05
    ],
    "6": [
      1.8682259224078734e-05,
      1.1342358973017694e-05,
      2.1451894554047612e-05,
      1.1079983661474115e-05
    ],
    "7": [
      1.547301621940278e-05,
      9.805735444914122e-06,
      1.7485240277892444e-05,
      7.806562667801198e-06
    ],
    "8": [
      1.981212562895962e-05,
      1.7608234805175474e-05,
      1.6456523326269235e-05,
      9.833852791635835e-06
    ],
    "9": [
      1.8315058696316555e-05,
      1.0319714831948297e-05,
      1.8575451576907653e-05,
      7.3462041914533e-06
    ],
    "10": [
      1.7987002820518683e-05,
      1.2120418761618768e-05,
      2.2082595023675822e-05,
      9.898086108121739e-06
    ],
    "11": [
      1.7796733118302654e-05,
      1.1683263637395162e-05,
      2.2785593500884715e-05,
      7.411322663410131e-06
    ],
    "12": [
      1.5004007991592516e-05,
      6.486938692279133e-06,
      1.3462193919622223e-05,
      9.297811558480926e-06
    ],
    "13": [
      1.8862216393245035e-05,
      1.0266325369841035e-05,
      1.3678721870746813e-05,
      1.0366280469241516e-05
    ],
    "14": [
      1.791202862477803e-05,
      1.3092214343610358e-05,
      1.7009280099955504e-05,
      1.1398651284337084e-05
    ],
    "15": [
      1.7325686485492042e-05,
      1.2712344243931767e-05,
      1.9266542494733585e-05,
      9.150761121161655e-06
    ]
  },
  "amplitudes": [
    [
      0.0001794288618839346,
      0.0004188742968835868
    ],
    [
      0.007591582834720612,
      0.015315935015678406
    ],
    [
      0.0003503271727822721,
      0.000691065943101421
    ],
    [
      0.00031185390980681404,
      0.0007113142783055082
    ],
    [
      0.0004191053449176252,
      0.0007702461880398914
    ],
    [
      0.003941819304600358,
      0.007000367622822523
    ],
    [
      0.002088026376441121,
      0.004231306083966047
    ],
    [
      0.0032794431899674237,
      0.005598626448772848
    ],
    [
      0.03818548982962966,
      0.06768534425646067
    ],
    [
      0.0006364929868141189,
      0.0010605680290609598
    ],
    [
      0.0009058032446773723,
      0.0014309407561086118
    ],
    [
      0.0012056050036335364,
      0.0021400862897280604
    ],
    [
      0.049523859781279524,
      0.06642033830005979
    ],
    [
      0.058986267254254376,
      0.06943425391754124
    ],
    [
      0.4675499361905705,
      0.5999999999999999
    ],
    [
      0.006730317254550755,
      0.012749320594593883
    ],
    [
      0.014888453297317028,
      0.02941667102277279
    ],
    [
      0.005705055664293468,
      0.010287488112226129
    ],
    [
      0.01312350039370358,
      0.02286505652591586
    ],
    [
      0.1676575466990471,
      0.31348954886198044
    ],
    [
      0.2153065986931324,
      0.27692385017871857
    ],
    [
      0.04731886554509401,
      0.0794773455709219
    ],
    [
      0.003374404914211482,
      0.0075156340608373284
    ],
    [
      0.017874002223834395,
      0.030753666069358587
    ],
    [
      0.15197071246802807,
      0.2179381437599659
    ],
    [
      0.06361416075378656,
      0.10392481461167336
    ],
    [
      0.074443812482059,
      0.1182898785918951
    ],
    [
      0.0828554667532444,
      0.15812862664461136
    ],
    [
      0.011691112304106355,
      0.024753287434577942
    ],
    [
      0.4070259339638616,
      0.6
    ],
    [
      0.03454117023903104,
      0.0531476516742461
    ],
    [
      0.11851909255565923,
      0.11581906131853215
    ],
    [
      0.011335697490721941,
      0.021780563984066248
    ],
    [
      0.02017110586166382,
      0.032601559069007635
    ],
    [
      0.002857990621123463,
      0.006494667613878846
    ],
    [
      0.00297773425700143,
      0.004730026994366199
    ],
    [
      0.07095093373209238,
      0.1365529652684927
    ],
    [
      0.13507891446352005,
      0.18507955595850945
    ],
    [
      0.003969931276515126,
      0.006158318719826639
    ],
    [
      0.007535906042903662,
      0.01152938581071794
    ],
    [
      0.0018918776186183095,
      0.005220450111664832
    ],
    [
      0.0010296577966073528,
      0.002060406841337681
    ],
    [
      0.0011861251550726593,
      0.002340047503821552
    ],
    [
      0.06757868453860283,
      0.11027295142412186
    ],
    [
      0.00047229605115717277,
      0.0010271977953379974
    ],
    [
      0.00016565909390919842,
      0.0005099584450363182
    ],
    [
      0.0002255982872156892,
      0.0009413074440089986
    ],
    [
      0.00010460252269695047,
      0.0002704556391108781
    ]
  ],
  "signal_quality": [
    {
      "level": 1,
      "saturated": false,
      "xtalk": false
    },
    {
      "level": 3,
      "saturated": false,
      "xtalk": false
    },
    {
      "level": 1,
      "saturated": false,
      "xtalk": false
    },
    {
      "level": 1,
      "saturated": false,
      "xtalk": false
    },
    {
      "level": 1,
      "saturated": false,
      "xtalk": false
    },
    {
      "level": 3,
      "saturated": false,
      "xtalk": false
    },
    {
      "level": 2,
      "saturated": false,
      "xtalk": false
    },
    {
      "level": 3,
      "saturated": false,
      "xtalk": false
    },
    {
      "level": 3,
      "saturated": false,
      "xtalk": false
    },
    {
      "level": 2,
      "saturated": false,
      "xtalk": false
    },
    {
      "level": 2,
      "saturated": false,
      "xtalk": false
    },
    {
      "level": 2,
      "saturated": false,
      "xtalk": false
    },
    {
      "level": 3,
      "saturated": false,
      "xtalk": false
    },
    {
      "level": 3,
      "saturated": false,
      "xtalk": false
    },
    {
      "level": 3,
      "saturated": false,
      "xtalk": false
    },
    {
      "level": 3,
      "saturated": false,
      "xtalk": false
    },
    {
      "level": 3,
      "saturated": false,
      "xtalk": false
    },
    {
      "level": 3,
      "saturated": false,
      "xtalk": false
    },
    {
      "level": 3,
      "saturated": false,
      "xtalk": false
    },
    {
      "level": 3,
      "saturated": false,
      "xtalk": false
    },
    {
      "level": 3,
      "saturated": false,
      "xtalk": false
    },
    {
      "level": 3,
      "saturated": false,
      "xtalk": false
    },
    {
      "level": 3,
      "saturated": false,
      "xtalk": false
    },
    {
      "level": 3,
      "saturated": false,
      "xtalk": false
    },
    {
      "level": 3,
      "saturated": false,
      "xtalk": false
    },
    {
      "level": 3,
      "saturated": false,
      "xtalk": false
    },
    {
      "level": 3,
      "saturated": false,
      "xtalk": false
    },
    {
      "level": 3,
      "saturated": false,
      "xtalk": false
    },
    {
      "level": 3,
      "saturated": false,
      "xtalk": false
    },
    {
      "level": 3,
      "saturated": false,
      "xtalk": false
    },
    {
      "level": 3,
      "saturated": false,
      "xtalk": false
    },
    {
      "level": 3,
      "saturated": false,
      "xtalk": false
    },
    {
      "level": 3,