{
  "dark_noise": {
    "0": [
      1.4408587958314456e-05,
      7.44933706761516e-06,
      1.4557422218786087e-05,
      6.589375191586824e-06
    ],
    "1": [
      1.4287625162978657e-05,
      7.975128070192774e-06,
      1.8255312852488714e-05,
      1.1353226623382635e-05
    ],
    "2": [
      1.762479882927437e-05,
      9.141954560545733e-06,
      1.907542582557653e-05,
      8.811779348622229e-06
    ],
    "3": [
      1.2036894077027682e-05,
      8.170975607984281e-06,
      2.082919536405825e-05,
      1.089226426131432e-05
    ],
    "4": [
      1.7763436517270748e-05,
      9.561635708802099e-06,
      1.8344944692216814e-05,
      9.044854735175594e-06
    ],
    "5": [
      1.708572654024465e-05,
      7.097301702444558e-06,
      2.1611897409457015e-05,
      1.046829815039794e-05
    ],
    "6": [
      2.344538870602264e-05,
      2.3353666963652115e-05,
      1.4960413636799785e-05,
      1.9281629569187893e-05
    ],
    "7": [
      1.6149175507962354e-05,
      7.548415478900124e-06,
      1.926413915498415e-05,
      9.9480909498934e-06
    ],
    "8": [
      2.596385229480802e-05,
      3.6579033837934804e-05,
      2.031591293416568e-05,
      3.0410142828491007e-05
    ],
    "9": [
      1.827129835874075e-05,
      1.0319439976329472e-05,
      2.242455821033218e-05,
      7.781003865927292e-06
    ],
    "10": [
      1.2766491863658302e-05,
      7.905121077535269e-06,
      1.5003482758402242e-05,
      8.442473578014833e-06
    ],
    "11": [
      1.825054027904116e-05,
      9.752399299478713e-06,
      2.3794384560460458e-05,
      8.514861865054456e-06
    ],
    "12": [
      1.1783903346440638e-05,
      7.158392245437684e-06,
      1.6426919273726526e-05,
      9.4196768112455e-06
    ],
    "13": [
      1.889216491690604e-05,
      1.2428193746854989e-05,
      1.553265178699803e-05,
      6.901656302505391e-06
    ],
    "14": [
      1.728492748043209e-05,
      8.434154304709986e-06,
      1.8694795471674297e-05,
      8.328807553756386e-06
    ],
    "15": [
      1.935768750627176e-05,
      1.1242684341531002e-05,
      1.531289854028728e-05,
      9.451001850913882e-06
    ]
  },
  "amplitudes": [
    [
      0.0034154581953771412,
      0.008582626469433308
    ],
    [
      0.13708703219890594,
      0.20713143050670624
    ],
    [
      0.00027255235181655735,
      0.0006338679668260738
    ],
    [
      7.247056146297837e-05,
      0.00026892090318142436
    ],
    [
      0.00016658943422953598,
      0.0004369695670902729
    ],
    [
      0.006734663620591164,
      0.01637723296880722
    ],
    [
      0.005420655943453312,
      0.013895024312660098
    ],
    [
      0.0002871459764719475,
      0.0006293945625657216
    ],
    [
      0.0006201351789059117,
      0.001054889289662242
    ],
    [
      0.0006657943595200777,
      0.0015610455011483282
    ],
    [
      0.0006140476034488529,
      0.0012818293180316687
    ],
    [
      0.0004715971590485424,
      0.0012825489102397114
    ],
    [
      0.18059292354423134,
      0.21848330362244361
    ],
    [
      0.0106846389333594,
      0.013781239151695122
    ],
    [
      0.41611904847137116,
      0.6000000000000001
    ],
    [
      0.0008332674042321742,
      0.0024869650951586664
    ],
    [
      0.005489811883307993,
      0.012668723938986659
    ],
    [
      0.0013497374311555177,
      0.003928077931050211
    ],
    [
      0.0037790104397572577,
      0.011195457773283124
    ],
    [
      0.05843989551067352,
      0.11319204233586788
    ],
    [
      0.1578291319310665,
      0.24506108835339546
    ],
    [
      0.017938463715836406,
      0.04664252977818251
    ],
    [
      0.0005240169411990792,
      0.0019144026737194508
    ],
    [
      0.009230789146386087,
      0.02332905773073435
    ],
    [
      0.17488611862063408,
      0.342927984893322
    ],
    [
      0.14776268042623997,
      0.2757819928228855
    ],
    [
      0.032936285715550184,
      0.07851192727684975
    ],
    [
      0.01955546671524644,
      0.05172820761799812
    ],
    [
      0.0066222622990608215,
      0.01654051593504846
    ],
    [
      0.17016952857375145,
      0.2728290669620037
    ],
    [
      0.04745783284306526,
      0.07498109247535467
    ],
    [
      0.33028561621904373,
      0.3734104707837105
    ],
    [
      0.00213060193345882,
      0.006585209630429745
    ],
    [
      0.005123061127960682,
      0.013050452107563615
    ],
    [
      0.004166529106441885,
      0.010590784950181842
    ],
    [
      0.0014761796046514064,
      0.0033301126677542925
    ],
    [
      0.004862966015934944,
      0.012649802956730127
    ],
    [
      0.004138928779866546,
      0.009763930574990809
    ],
    [
      0.0010287403711117804,
      0.0025396773708052933
    ],
    [
      0.004085467371623963,
      0.011108361650258303
    ],
    [
      0.0019222144328523427,
      0.005186187336221337
    ],
    [
      0.0005445341230370104,
      0.001570200693095103
    ],
    [
      0.00028888820452266373,
      0.0008260656613856554
    ],
    [
      0.1440924033522606,
      0.3032993711531162
    ],
    [
      0.001924836979014799,
      0.004002647765446454
    ],
    [
      0.00024601125915069133,
      0.0007552701572421938
    ],
    [
      0.00039892285712994635,
      0.0015140022151172161
    ],
    [
      0.00011183351489307825,
      0.00031331590435002
    ]
  ],
  "signal_quality": [
    {
      "level": 3,
      "saturated": false,
      "xtalk": false
    },
    {
      "level": 3,
      "saturated": false,
      "xtalk": false
    },
    {
      "level": 1,
      "saturated": false,
      "xtalk": false
    },
    {
      "level": 1,
      "saturated": false,
      "xtalk": false
    },
    {
      "level": 1,
      "saturated": false,
      "xtalk": false
    },
    {
      "level": 3,
      "saturated": false,
      "xtalk": false
    },
    {
      "level": 3,
      "saturated": false,
      "xtalk": false
    },
    {
      "level": 1,
      "saturated": false,
      "xtalk": false
    },
    {
      "level": 2,
      "saturated": false,
      "xtalk": false
    },
    {
      "level": 2,
      "saturated": false,
      "xtalk": false
    },
    {
      "level": 2,
      "saturated": false,
      "xtalk": false
    },
    {
      "level": 1,
      "saturated": false,
      "xtalk": false
    },
    {
      "level": 3,
      "saturated": false,
      "xtalk": false
    },
    {
      "level": 3,
      "saturated": false,
      "xtalk": false
    },
    {
      "level": 3,
      "saturated": false,
      "xtalk": false
    },
    {
      "level": 2,
      "saturated": false,
      "xtalk": false
    },
    {
      "level": 3,
      "saturated": false,
      "xtalk": false
    },
    {
      "level": 2,
      "saturated": false,
      "xtalk": false
    },
    {
      "level": 3,
      "saturated": false,
      "xtalk": false
    },
    {
      "level": 3,
      "saturated": false,
      "xtalk": false
    },
    {
      "level": 3,
      "saturated": false,
      "xtalk": false
    },
    {
      "level": 3,
      "saturated": false,
      "xtalk": false
    },
    {
      "level": 2,
      "saturated": false,
      "xtalk": false
    },
    {
      "level": 3,
      "saturated": false,
      "xtalk": false
    },
    {
      "level": 3,
      "saturated": false,
      "xtalk": false
    },
    {
      "level": 3,
      "saturated": false,
      "xtalk": false
    },
    {
      "level": 3,
      "saturated": false,
      "xtalk": false
    },
    {
      "level": 3,
      "saturated": false,
      "xtalk": false
    },
    {
      "level": 3,
      "saturated": false,
      "xtalk": false
    },
    {
      "level": 3,
      "saturated": false,
      "xtalk": false
    },
    {
      "level": 3,
      "saturated": false,
      "xtalk": false
    },
    {
      "level": 3,
      "saturated": false,