{
  "dark_noise": {
    "0": [
      1.3764976074526203e-05,
      8.248501836410737e-06,
      1.3282191275720834e-05,
      8.01113329861195e-06
    ],
    "1": [
      1.627163896955608e-05,
      8.787123781976459e-06,
      2.1606629161396995e-05,
      1.0042614760269095e-05
    ],
    "2": [
      1.7900166540130158e-05,
      7.425228413403615e-06,
      1.5723180695204064e-05,
      9.285698293375837e-06
    ],
    "3": [
      1.4924509059710545e-05,
      9.570540835590773e-06,
      2.1738335362897487e-05,
      1.1137917470542847e-05
    ],
    "4": [
      1.0597615300866892e-05,
      8.10720785429697e-06,
      1.3850152527083992e-05,
      8.749172941920283e-06
    ],
    "5": [
      1.500234816376178e-05,
      6.929092580890719e-06,
      1.4810049151492422e-05,
      1.0258182601795662e-05
    ],
    "6": [
      1.229654003509495e-05,
      9.051671793242151e-06,
      2.1990529148752103e-05,
      8.430497386073533e-06
    ],
    "7": [
      1.651465026952792e-05,
      9.352899237013988e-06,
      1.4364173921421752e-05,
      6.137382471281374e-06
    ],
    "8": [
      1.414217877027113e-05,
      1.0194980821417179e-05,
      1.5122221839192207e-05,
      9.916558981144286e-06
    ],
    "9": [
      1.5510009916397394e-05,
      7.569455960488178e-06,
      1.6700728338037152e-05,
      5.992859487601903e-06
    ],
    "10": [
      1.365239882034075e-05,
      7.809286570355744e-06,
      1.5060950318002142e-05,
      9.705430022898295e-06
    ],
    "11": [
      1.1769310503950692e-05,
      8.898021897430023e-06,
      1.744581254570221e-05,
      6.401180337388685e-06
    ],
    "12": [
      1.6364984958272544e-05,
      8.17178210123126e-06,
      2.0646095890697325e-05,
      8.403527099740653e-06
    ],
    "13": [
      1.4514415624944377e-05,
      8.325774598207872e-06,
      1.044809096129029e-05,
      1.008464554822864e-05
    ],
    "14": [
      1.392605099681532e-05,
      5.677720254396424e-06,
      1.958582515726448e-05,
      6.568990285925915e-06
    ],
    "15": [
      1.4204205172063666e-05,
      8.364661361480438e-06,
      1.5842975926716463e-05,
      7.341027566501714e-06
    ]
  },
  "amplitudes": [
    [
      0.00510765821672976,
      0.0072676275158301
    ],
    [
      0.4048139229416847,
      0.5048855766654015
    ],
    [
      0.004930629511363804,
      0.007980857626534998
    ],
    [
      0.003659582289401442,
      0.006782471318729222
    ],
    [
      0.0009941606549546123,
      0.0016978631902020425
    ],
    [
      0.011020394740626216,
      0.01602597418241203
    ],
    [
      0.010833824053406715,
      0.018664607778191566
    ],
    [
      0.003796661039814353,
      0.005467310547828674
    ],
    [
      0.004502120136748999,
      0.009543831110931933
    ],
    [
      0.0030906760366633534,
      0.004561281239148229
    ],
    [
      0.0028611894231289625,
      0.004198192909825593
    ],
    [
      0.0022212597832549363,
      0.0039622283657081425
    ],
    [
      0.01805406529456377,
      0.02323897322639823
    ],
    [
      0.0008366967813344672,
      0.0022980904032010585
    ],
    [
      0.01807411666959524,
      0.04945182707160711
    ],
    [
      0.005312571884132922,
      0.011544416192919016
    ],
    [
      0.003327532031107694,
      0.009292339091189206
    ],
    [
      0.012082003522664309,
      0.024861216079443693
    ],
    [
      0.0034437162685208023,
      0.007117670029401779
    ],
    [
      0.003579740587156266,
      0.012048716889694333
    ],
    [
      0.0558355962857604,
      0.11659666895866394
    ],
    [
      0.050188018940389156,
      0.09644740261137486
    ],
    [
      0.009131115511991084,
      0.016345047624781728
    ],
    [
      0.06402390543371439,
      0.11039522476494312
    ],
    [
      0.24632206186652184,
      0.49269426614046097
    ],
    [
      0.0929094199091196,
      0.18725909292697906
    ],
    [
      0.0061883736634626985,
      0.019548970740288496
    ],
    [
      0.03214835422113538,
      0.07841527462005615
    ],
    [
      0.006452108500525355,
      0.014189090579748154
    ],
    [
      0.17159013077616692,
      0.3602144494652748
    ],
    [
      0.011617378331720829,
      0.02398502780124545
    ],
    [
      0.04990566987544298,
      0.07757864892482758
    ],
    [
      0.002525318705011159,
      0.006405737949535251
    ],
    [
      0.0064784049754962325,
      0.016536484472453594
    ],
    [
      0.017436741618439555,
      0.03221466206014156
    ],
    [
      0.002195098204538226,
      0.0036699013435281813
    ],
    [
      0.006518301670439541,
      0.013560885563492775
    ],
    [
      0.010083259548991919,
      0.019101150101050735
    ],
    [
      0.0018776523938868195,
      0.0034357569529674947
    ],
    [
      0.013933110749348998,
      0.020703498739749193
    ],
    [
      0.0029812392313033342,
      0.0067377748200669885
    ],
    [
      0.0011776123574236408,
      0.0026344702928327024
    ],
    [
      0.0020891254825983196,
      0.0036113790702074766
    ],
    [
      0.06480304058641195,
      0.11920432560145855
    ],
    [
      0.012836864916607738,
      0.020062115509063005
    ],
    [
      0.0010103804379468784,
      0.001996955688809976
    ],
    [
      0.008302750647999346,
      0.014192863600328565
    ],
    [
      0.0035521198878996074,
      0.005050491890870035
    ]
  ],
  "signal_quality": [
    {
      "level": 3,
      "saturated": false,
      "xtalk": false
    },
    {
      "level": 3,
      "saturated": false,
      "xtalk": false
    },
    {
      "level": 3,
      "saturated": false,
      "xtalk": false
    },
    {
      "level": 3,
      "saturated": false,
      "xtalk": false
    },
    {
      "level": 2,
      "saturated": false,
      "xtalk": false
    },
    {
      "level": 3,
      "saturated": false,
      "xtalk": false
    },
    {
      "level": 3,
      "saturated": false,
      "xtalk": false
    },
    {
      "level": 3,
      "saturated": false,
      "xtalk": false
    },
    {
      "level": 3,
      "saturated": false,
      "xtalk": false
    },
    {
      "level": 3,
      "saturated": false,
      "xtalk": false
    },
    {
      "level": 2,
      "saturated": false,
      "xtalk": false
    },
    {
      "level": 2,
      "saturated": false,
      "xtalk": false
    },
    {
      "level": 3,
      "saturated": false,
      "xtalk": false
    },
    {
      "level": 2,
      "saturated": false,
      "xtalk": false
    },
    {
      "level": 3,
      "saturated": false,
      "xtalk": false
    },
    {
      "level": 3,
      "saturated": false,
      "xtalk": false
    },
    {
      "level": 3,
      "saturated": false,
      "xtalk": false
    },
    {
      "level": 3,
      "saturated": false,
      "xtalk": false
    },
    {
      "level": 3,
      "saturated": false,
      "xtalk": false
    },
    {
      "level": 3,
      "saturated": false,
      "xtalk": false
    },
    {
      "level": 3,
      "saturated": false,
      "xtalk": false
    },
    {
      "level": 3,
      "saturated": false,
      "xtalk": false
    },
    {
      "level": 3,
      "saturated": false,
      "xtalk": false
    },
    {
      "level": 3,
      "saturated": false,
      "xtalk": false
    },
    {
      "level": 3,
      "saturated": false,
      "xtalk": false
    },
    {
      "level": 3,
      "saturated": false,
      "xtalk": false
    },
    {
      "level": 3,
      "saturated": false,
      "xtalk": false
    },
    {
      "level": 3,
      "saturated": false,
      "xtalk": false
    },
    {
      "level": 3,
      "saturated": false,
      "xtalk": false
    },
    {
      "level": 3,
      "saturated": false,
      "xtalk": false
    },
    {
      "level": 3,
      "saturated": false,
      "xtalk": false
    },
    {
      "level": 3,
      "saturated": false,
      "xtalk": false
    },
    {
      "level": 2,