{
  "dark_noise": {
    "0": [
      2.017981614699238e-05,
      1.1449628621287277e-05,
      2.214910409747972e-05,
      1.1874951796284345e-05
    ],
    "1": [
      1.7923706536748796e-05,
      2.0565346402639927e-05,
      2.3231762042996706e-05,
      1.3823110720527349e-05
    ],
    "2": [
      1.3972572787679383e-05,
      8.449275748622842e-06,
      1.8272199895363883e-05,
      1.0419316209820855e-05
    ],
    "3": [
      2.0004247289762134e-05,
      1.6584461517044856e-05,
      1.6459026710435865e-05,
      1.283538348375086e-05
    ],
    "4": [
      1.13903945475613e-05,
      8.855983655305811e-06,
      1.999069809244247e-05,
      7.526685312582468e-06
    ],
    "5": [
      1.7525800330986385e-05,
      1.0252702256607945e-05,
      2.1574767288257135e-05,
      9.733775372577884e-06
    ],
    "6": [
      2.342424295420642e-05,
      2.3072253494434576e-05,
      2.269004653498996e-05,
      2.365019408913589e-05
    ],
    "7": [
      1.9256892755947774e-05,
      8.658423547126481e-06,
      2.0375205167511012e-05,
      7.884067168061187e-06
    ],
    "8": [
      1.8497618157198303e-05,
      9.12039732150485e-06,
      1.8202867977379356e-05,
      6.99941935354239e-06
    ],
    "9": [
      1.3523805364457075e-05,
      7.4690475442679196e-06,
      2.0765110093634576e-05,
      1.0588263225580485e-05
    ],
    "10": [
      1.4747257637282019e-05,
      9.328730080539687e-06,
      2.322521822861745e-05,
      9.498436843830852e-06
    ],
    "11": [
      1.201311874865496e-05,
      9.275533922553307e-06,
      1.8236478354083374e-05,
      8.564306091077382e-06
    ],
    "12": [
      2.1445473521453096e-05,
      1.0026195943982882e-05,
      1.3488289596352843e-05,
      9.208539076228435e-06
    ],
    "13": [
      1.6024790738811134e-05,
      8.810611552555707e-06,
      2.0455252069950802e-05,
      9.798880813333515e-06
    ],
    "14": [
      2.2474489469459513e-05,
      1.032434016403964e-05,
      1.669538391979586e-05,
      8.997834992788876e-06
    ],
    "15": [
      1.830438577599125e-05,
      7.748096255867622e-06,
      1.6223162901951582e-05,
      6.556145958931232e-06
    ]
  },
  "amplitudes": [
    [
      0.0004175879803369753,
      0.0013643551210407168
    ],
    [
      0.04816928878426552,
      0.08021228015422821
    ],
    [
      0.0006074502380215563,
      0.001308332575717941
    ],
    [
      0.00010369185474701226,
      0.00047351422836072743
    ],
    [
      7.842915692890529e-05,
      0.00027596574000199325
    ],
    [
      0.0007847962842788547,
      0.002462132542859763
    ],
    [
      0.014967465540394187,
      0.029397576581686735
    ],
    [
      0.0014061848924029619,
      0.003859689168166369
    ],
    [
      0.01821202808059752,
      0.03610419807955623
    ],
    [
      0.0001864779733296018,
      0.0006968773232074454
    ],
    [
      0.00043942116462858394,
      0.0013330101501196623
    ],
    [
      0.0004399359386297874,
      0.0015308556612581015
    ],
    [
      0.0552023940777477,
      0.10433822243587323
    ],
    [
      0.026473152405220877,
      0.05539093250058446
    ],
    [
      0.4446739549828963,
      0.6
    ],
    [
      0.002083486906485632,
      0.00561034248676151
    ],
    [
      0.04359461832791567,
      0.07822674699127674
    ],
    [
      0.0036402966361492872,
      0.00863873166963458
    ],
    [
      0.004960678634233773,
      0.01002197153866291
    ],
    [
      0.057653366266130296,
      0.13909276951951194
    ],
    [
      0.3345306922829378,
      0.6
    ],
    [
      0.0133455425173524,
      0.030465883162166855
    ],
    [
      0.0073670205892995,
      0.018923477036878467
    ],
    [
      0.00930993992369622,
      0.021566536743193865
    ],
    [
      0.09261343628168106,
      0.154890613630414
    ],
    [
      0.010843416675925255,
      0.028164228424429893
    ],
    [
      0.03384917275980115,
      0.06135361734777689
    ],
    [
      0.001992024335777387,
      0.006444180035032332
    ],
    [
      0.0017816596664488316,
      0.00443549215560779
    ],
    [
      0.25387423140694365,
      0.6
    ],
    [
      0.025325268761998938,
      0.055035156296516674
    ],
    [
      0.0541783774258792,
      0.111293357830198
    ],
    [
      0.0007715627725701779,
      0.0026499078376218677
    ],
    [
      0.002657415170688182,
      0.00806866039056331
    ],
    [
      0.001684486196609214,
      0.004048157425131649
    ],
    [
      0.0005755374513682909,
      0.0016572610184084624
    ],
    [
      0.0016634550411254168,
      0.006254628533497453
    ],
    [
      0.0010286624456057325,
      0.003884218167513609
    ],
    [
      0.00017277501683565788,
      0.0006200491770869121
    ],
    [
      0.00023108339519239962,
      0.0006731267785653472
    ],
    [
      0.0010416304576210678,
      0.002386281412327662
    ],
    [
      8.619889740657527e-05,
      0.0002489719736331608
    ],
    [
      0.0001788669942470733,
      0.0006213472806848586
    ],
    [
      0.011090061161667109,
      0.03411432961001992
    ],
    [
      0.0001703422276477795,
      0.0006132970884209499
    ],
    [
      6.17216937826015e-05,
      0.0002558698361099232
    ],
    [
      0.00014488527085632086,
      0.0003379324698471464
    ],
    [
      5.823632818646729e-05,
      0.00019115383111056872
    ]
  ],
  "signal_quality": [
    {
      "level": 1,
      "saturated": false,
      "xtalk": false
    },
    {
      "level": 3,
      "saturated": false,
      "xtalk": false
    },
    {
      "level": 2,
      "saturated": false,
      "xtalk": false
    },
    {
      "level": 1,
      "saturated": false,
      "xtalk": false
    },
    {
      "level": 1,
      "saturated": false,
      "xtalk": false
    },
    {
      "level": 2,
      "saturated": false,
      "xtalk": false
    },
    {
      "level": 3,
      "saturated": false,
      "xtalk": false
    },
    {
      "level": 2,
      "saturated": false,
      "xtalk": false
    },
    {
      "level": 3,
      "saturated": false,
      "xtalk": false
    },
    {
      "level": 1,
      "saturated": false,
      "xtalk": false
    },
    {
      "level": 1,
      "saturated": false,
      "xtalk": false
    },
    {
      "level": 1,
      "saturated": false,
      "xtalk": false
    },
    {
      "level": 3,
      "saturated": false,
      "xtalk": false
    },
    {
      "level": 3,
      "saturated": false,
      "xtalk": false
    },
    {
      "level": 3,
      "saturated": false,
      "xtalk": false
    },
    {
      "level": 2,
      "saturated": false,
      "xtalk": false
    },
    {
      "level": 3,
      "saturated": false,
      "xtalk": false
    },
    {
      "level": 3,
      "saturated": false,
      "xtalk": false
    },
    {
      "level": 3,
      "saturated": false,
      "xtalk": false
    },
    {
      "level": 3,
      "saturated": false,
      "xtalk": false
    },
    {
      "level": 3,
      "saturated": false,
      "xtalk": false
    },
    {
      "level": 3,
      "saturated": false,
      "xtalk": false
    },
    {
      "level": 3,
      "saturated": false,
      "xtalk": false
    },
    {
      "level": 3,
      "saturated": false,
      "xtalk": false
    },
    {
      "level": 3,
      "saturated": false,
      "xtalk": false
    },
    {
      "level": 3,
      "saturated": false,
      "xtalk": false
    },
    {
      "level": 3,
      "saturated": false,
      "xtalk": false
    },
    {
      "level": 2,
      "saturated": false,
      "xtalk": false
    },
    {
      "level": 2,
      "saturated": false,
      "xtalk": false
    },
    {
      "level": 3,
      "saturated": false,
      "xtalk": false
    },
    {
      "level": 3,
      "saturated": false,
      "xtalk": false
    },
    {
      "level": 3,
      "saturated": false,
      "xtalk": false
    },
    {
      "level": 2,
      "saturated": false,