{
  "dark_noise": {
    "0": [
      1.4910110621713102e-05,
      8.226873132220537e-06,
      2.0693526039394783e-05,
      1.0062004938207547e-05
    ],
    "1": [
      1.9076458102063043e-05,
      1.1624612133275252e-05,
      2.4913399556680815e-05,
      1.1840070264687594e-05
    ],
    "2": [
      2.213397010564222e-05,
      1.2603903536749621e-05,
      1.5874235259616398e-05,
      1.213652885917807e-05
    ],
    "3": [
      1.9892615910066525e-05,
      1.2467271185072812e-05,
      1.7778710343918647e-05,
      8.576395350238303e-06
    ],
    "4": [
      2.3116147076507332e-05,
      1.0127452337016345e-05,
      1.5737023204565048e-05,
      7.988845433463573e-06
    ],
    "5": [
      2.195197112087044e-05,
      1.1198416568665767e-05,
      1.6521217958143097e-05,
      7.4033598373581256e-06
    ],
    "6": [
      1.6976233609966584e-05,
      7.913409005244834e-06,
      1.9026546169698122e-05,
      8.33758735205761e-06
    ],
    "7": [
      1.963671365956543e-05,
      1.0433307807954907e-05,
      1.947592181750224e-05,
      9.520092575111151e-06
    ],
    "8": [
      2.3237028017319972e-05,
      1.0019923146442928e-05,
      1.6801028550617048e-05,
      8.034124888027047e-06
    ],
    "9": [
      2.1876578557566972e-05,
      1.3267347402414251e-05,
      1.2744745845338912e-05,
      1.2496318526458475e-05
    ],
    "10": [
      2.267040372316842e-05,
      1.0677751925944872e-05,
      1.767101935001847e-05,
      7.252230457242947e-06
    ],
    "11": [
      2.21959544433048e-05,
      7.761617697185462e-06,
      1.555125436425442e-05,
      7.760869998623068e-06
    ],
    "12": [
      1.9569181404222036e-05,
      8.72260821271935e-06,
      2.0207423858664697e-05,
      7.3165222345833805e-06
    ],
    "13": [
      2.085844016619376e-05,
      1.2114824732012302e-05,
      1.6151107047335245e-05,
      1.0390606370868804e-05
    ],
    "14": [
      1.582689151291561e-05,
      9.925744392999924e-06,
      1.2969948102181661e-05,
      9.147556903197401e-06
    ],
    "15": [
      1.048988110596838e-05,
      9.426906842545257e-06,
      1.4218438764146413e-05,
      8.236801332239776e-06
    ]
  },
  "amplitudes": [
    [
      0.000874119286891073,
      0.002213419647887349
    ],
    [
      0.10893360711634159,
      0.19679510965943336
    ],
    [
      0.00032656273106113076,
      0.0008126684406306595
    ],
    [
      0.0001534293005533982,
      0.000539023349119816
    ],
    [
      8.23407663119724e-05,
      0.00023909380615805276
    ],
    [
      0.002570312935858965,
      0.005926169105805457
    ],
    [
      0.012545955833047628,
      0.031204726547002792
    ],
    [
      0.0003788500907830894,
      0.0008673328557051718
    ],
    [
      0.0005961523856967688,
      0.0013611202302854508
    ],
    [
      0.0005059462273493409,
      0.0014110027404967695
    ],
    [
      0.0001906104080262594,
      0.00047811103286221623
    ],
    [
      0.0004916296165902168,
      0.0011096508387709036
    ],
    [
      0.1274022925645113,
      0.16548531129956245
    ],
    [
      0.005454436177387834,
      0.011857090285047889
    ],
    [
      0.14476309530436993,
      0.24537818506360054
    ],
    [
      0.0005624990444630384,
      0.0018157223530579358
    ],
    [
      0.0027422371204011142,
      0.00831092067528516
    ],
    [
      0.006510417442768812,
      0.017412835732102394
    ],
    [
      0.004087077977601439,
      0.01123940572142601
    ],
    [
      0.012919486034661531,
      0.03772917902097106
    ],
    [
      0.2335202880203724,
      0.37380993366241455
    ],
    [
      0.1249780971556902,
      0.240231454372406
    ],
    [
      0.002302516804775223,
      0.004530764708761126
    ],
    [
      0.06067861337214708,
      0.11881168000400066
    ],
    [
      0.14114883728325367,
      0.2678555063903332
    ],
    [
      0.2004135213792324,
      0.35558659583330154
    ],
    [
      0.02258316846564412,
      0.05143770482391119
    ],
    [
      0.02747858176007867,
      0.06959578022360802
    ],
    [
      0.004525555996224284,
      0.00988392042927444
    ],
    [
      0.2898256666958332,
      0.5836654081940651
    ],
    [
      0.031465652864426374,
      0.05814326461404562
    ],
    [
      0.06861328613013029,
      0.10127856396138668
    ],
    [
      0.004864113871008158,
      0.013354099355638027
    ],
    [
      0.01283080200664699,
      0.029972370248287916
    ],
    [
      0.012957401340827346,
      0.02948671579360962
    ],
    [
      0.0008405218977713957,
      0.001625845761736855
    ],
    [
      0.0031374007812701166,
      0.00913353229407221
    ],
    [
      0.0047331073437817395,
      0.012185126543045044
    ],
    [
      0.0003574027505237609,
      0.0010301844304194674
    ],
    [
      0.0019216741202399135,
      0.005482537089847028
    ],
    [
      0.0005333611625246704,
      0.0019916222663596272
    ],
    [
      0.00012667394912568852,
      0.0005197331120143645
    ],
    [
      0.00013755447980656754,
      0.0005852465983480215
    ],
    [
      0.09851220063865185,
      0.18973225727677345
    ],
    [
      0.004830349644180387,
      0.010397940641269088
    ],
    [
      0.0002212547951785382,
      0.0006350420881062746
    ],
    [
      0.00028549698981805705,
      0.0010443266364745796
    ],
    [
      8.037479346967302e-05,
      0.00023677544959355146
    ]
  ],
  "signal_quality": [
    {
      "level": 2,
      "saturated": false,
      "xtalk": false
    },
    {
      "level": 3,
      "saturated": false,
      "xtalk": false
    },
    {
      "level": 1,
      "saturated": false,
      "xtalk": false
    },
    {
      "level": 1,
      "saturated": false,
      "xtalk": false
    },
    {
      "level": 1,
      "saturated": false,
      "xtalk": false
    },
    {
      "level": 2,
      "saturated": false,
      "xtalk": false
    },
    {
      "level": 3,
      "saturated": false,
      "xtalk": false
    },
    {
      "level": 1,
      "saturated": false,
      "xtalk": false
    },
    {
      "level": 2,
      "saturated": false,
      "xtalk": false
    },
    {
      "level": 2,
      "saturated": false,
      "xtalk": false
    },
    {
      "level": 1,
      "saturated": false,
      "xtalk": false
    },
    {
      "level": 1,
      "saturated": false,
      "xtalk": false
    },
    {
      "level": 3,
      "saturated": false,
      "xtalk": false
    },
    {
      "level": 3,
      "saturated": false,
      "xtalk": false
    },
    {
      "level": 3,
      "saturated": false,
      "xtalk": false
    },
    {
      "level": 2,
      "saturated": false,
      "xtalk": false
    },
    {
      "level": 2,
      "saturated": false,
      "xtalk": false
    },
    {
      "level": 3,
      "saturated": false,
      "xtalk": false
    },
    {
      "level": 3,
      "saturated": false,
      "xtalk": false
    },
    {
      "level": 3,
      "saturated": false,
      "xtalk": false
    },
    {
      "level": 3,
      "saturated": false,
      "xtalk": false
    },
    {
      "level": 3,
      "saturated": false,
      "xtalk": false
    },
    {
      "level": 2,
      "saturated": false,
      "xtalk": false
    },
    {
      "level": 3,
      "saturated": false,
      "xtalk": false
    },
    {
      "level": 3,
      "saturated": false,
      "xtalk": false
    },
    {
      "level": 3,
      "saturated": false,
      "xtalk": false
    },
    {
      "level": 3,
      "saturated": false,
      "xtalk": false
    },
    {
      "level": 3,
      "saturated": false,
      "xtalk": false
    },
    {
      "level": 3,
      "saturated": false,
      "xtalk": false
    },
    {
      "level": 3,
      "saturated": false,
      "xtalk": false
    },
    {
      "level": 3,
      "saturated": false,
      "xtalk": false
    },
    {
      "level": 3,
      "saturated": false,