{
  "dark_noise": {
    "0": [
      1.7503416529507376e-05,
      6.879675943224955e-06,
      1.6318796269843006e-05,
      9.053139406366846e-06
    ],
    "1": [
      1.1887175332958577e-05,
      8.185059066594088e-06,
      1.506136754869658e-05,
      7.007289889152185e-06
    ],
    "2": [
      9.542951602270477e-06,
      6.313355298140908e-06,
      1.0611432799123577e-05,
      1.0185796600979026e-05
    ],
    "3": [
      1.2781891882696073e-05,
      8.51112600667142e-06,
      1.1340415539962123e-05,
      7.378497771036919e-06
    ],
    "4": [
      1.3432235164145823e-05,
      7.396973924737815e-06,
      1.4266100833992823e-05,
      1.014958261673677e-05
    ],
    "5": [
      1.0918070074694697e-05,
      5.678726444782003e-06,
      1.570617314428091e-05,
      7.274893003480471e-06
    ],
    "6": [
      1.580601406203641e-05,
      7.795456367136724e-06,
      1.2702988669843762e-05,
      8.55441087492713e-06
    ],
    "7": [
      1.4162966408548527e-05,
      9.800403746487257e-06,
      1.5367544392574928e-05,
      7.285560779797639e-06
    ],
    "8": [
      1.7497662838650285e-05,
      1.0123085852996656e-05,
      1.3343984619496041e-05,
      7.742129766066272e-06
    ],
    "9": [
      1.1813903029178618e-05,
      6.286052362381697e-06,
      1.3127047395755653e-05,
      9.417361847314112e-06
    ],
    "10": [
      1.568357788528374e-05,
      8.830893056332444e-06,
      1.3454728104989044e-05,
      9.80665293556273e-06
    ],
    "11": [
      1.3459357433021069e-05,
      8.185251570832024e-06,
      1.4476390788331628e-05,
      7.937147916406593e-06
    ],
    "12": [
      1.607691388016974e-05,
      7.821902818899762e-06,
      1.661814280851104e-05,
      8.99200158940812e-06
    ],
    "13": [
      1.4745610315003432e-05,
      8.071817839290396e-06,
      1.4530072576235398e-05,
      7.834976242281596e-06
    ],
    "14": [
      1.6774253026596853e-05,
      9.819495124100448e-06,
      1.4083547057452961e-05,
      8.998578198034689e-06
    ],
    "15": [
      1.2821384416383808e-05,
      9.690913438202649e-06,
      1.4085047723710886e-05,
      9.915331282351387e-06
    ]
  },
  "amplitudes": [
    [
      0.0006205843965290114,
      0.0019340009021107107
    ],
    [
      0.03749459749087691,
      0.0657386938109994
    ],
    [
      0.0011570213246159256,
      0.002426093560643494
    ],
    [
      0.0017893330368679017,
      0.008132472285069525
    ],
    [
      0.0004334798359195702,
      0.0012520568270701915
    ],
    [
      0.006898176507093012,
      0.017499211244285107
    ],
    [
      0.003881382290273905,
      0.007469162228517234
    ],
    [
      0.0008474363130517304,
      0.0030037769465707242
    ],
    [
      0.009798877872526646,
      0.023381393402814865
    ],
    [
      0.005595537950284779,
      0.010496752802282572
    ],
    [
      0.00036825425922870636,
      0.0010277289402438328
    ],
    [
      0.0024081795709207654,
      0.006479244912043214
    ],
    [
      0.02124425340790933,
      0.04464551964506047
    ],
    [
      0.01629891987978191,
      0.04065477328427869
    ],
    [
      0.3599695593750504,
      0.6
    ],
    [
      0.003651227743830532,
      0.007923701195977628
    ],
    [
      0.0059233332285657525,
      0.010872191051021218
    ],
    [
      0.0008942480781115592,
      0.0021026084141340107
    ],
    [
      0.022190776653587818,
      0.04013590048998594
    ],
    [
      0.04057102371007204,
      0.1190387923270464
    ],
    [
      0.0838899239897728,
      0.17426671460270882
    ],
    [
      0.18593685701489449,
      0.3609159216284752
    ],
    [
      0.004253366496413946,
      0.010740050347521901
    ],
    [
      0.00986782368272543,
      0.020528717432171106
    ],
    [
      0.3116669923221454,
      0.6
    ],
    [
      0.19513705276427926,
      0.3227005214947115
    ],
    [
      0.03427564899679741,
      0.07668235543513573
    ],
    [
      0.03198646940290928,
      0.08894960395991802
    ],
    [
      0.002712957502808422,
      0.009482188615947962
    ],
    [
      0.20142391324043274,
      0.4807467758655548
    ],
    [
      0.011190304066985846,
      0.03175227204337716
    ],
    [
      0.11136761866509914,
      0.19940126687288284
    ],
    [
      0.010658265091478825,
      0.030497729312628508
    ],
    [
      0.0016412085096817464,
      0.005851084133610129
    ],
    [
      0.0008054961654124781,
      0.0022880769392941147
    ],
    [
      0.003581288328859955,
      0.008154049864970148
    ],
    [
      0.004864542570430785,
      0.018732681637629867
    ],
    [
      0.001580788375576958,
      0.005719107575714588
    ],
    [
      0.0006408402987290174,
      0.0017982034478336573
    ],
    [
      0.002349360001971945,
      0.00625290849711746
    ],
    [
      0.0018526334315538406,
      0.0039531130460090935
    ],
    [
      0.0007978632493177429,
      0.0018777564400807023
    ],
    [
      0.0006471529195550829,
      0.0018584937788546085
    ],
    [
      0.003727306320797652,
      0.013288361951708794
    ],
    [
      0.00020893434339086525,
      0.0006631938595091924
    ],
    [
      0.0003224351894459687,
      0.001247301115654409
    ],
    [
      0.004708330670837313,
      0.014091278426349163
    ],
    [
      0.016388382064178586,
      0.022487621754407883
    ]
  ],
  "signal_quality": [
    {
      "level": 2,
      "saturated": false,
      "xtalk": false
    },
    {
      "level": 3,
      "saturated": false,
      "xtalk": false
    },
    {
      "level": 2,
      "saturated": false,
      "xtalk": false
    },
    {
      "level": 2,
      "saturated": false,
      "xtalk": false
    },
    {
      "level": 1,
      "saturated": false,
      "xtalk": false
    },
    {
      "level": 3,
      "saturated": false,
      "xtalk": false
    },
    {
      "level": 3,
      "saturated": false,
      "xtalk": false
    },
    {
      "level": 2,
      "saturated": false,
      "xtalk": false
    },
    {
      "level": 3,
      "saturated": false,
      "xtalk": false
    },
    {
      "level": 3,
      "saturated": false,
      "xtalk": false
    },
    {
      "level": 1,
      "saturated": false,
      "xtalk": false
    },
    {
      "level": 2,
      "saturated": false,
      "xtalk": false
    },
    {
      "level": 3,
      "saturated": false,
      "xtalk": false
    },
    {
      "level": 3,
      "saturated": false,
      "xtalk": false
    },
    {
      "level": 3,
      "saturated": false,
      "xtalk": false
    },
    {
      "level": 3,
      "saturated": false,
      "xtalk": false
    },
    {
      "level": 3,
      "saturated": false,
      "xtalk": false
    },
    {
      "level": 2,
      "saturated": false,
      "xtalk": false
    },
    {
      "level": 3,
      "saturated": false,
      "xtalk": false
    },
    {
      "level": 3,
      "saturated": false,
      "xtalk": false
    },
    {
      "level": 3,
      "saturated": false,
      "xtalk": false
    },
    {
      "level": 3,
      "saturated": false,
      "xtalk": false
    },
    {
      "level": 3,
      "saturated": false,
      "xtalk": false
    },
    {
      "level": 3,
      "saturated": false,
      "xtalk": false
    },
    {
      "level": 3,
      "saturated": false,
      "xtalk": false
    },
    {
      "level": 3,
      "saturated": false,
      "xtalk": false
    },
    {
      "level": 3,
      "saturated": false,
      "xtalk": false
    },
    {
      "level": 3,
      "saturated": false,
      "xtalk": false
    },
    {
      "level": 2,
      "saturated": false,
      "xtalk": false
    },
    {
      "level": 3,
      "saturated": false,
      "xtalk": false
    },
    {
      "level": 3,
      "saturated": false,
      "xtalk": false
    },
    {
      "level": 3,
      "saturated": false,
      "xtalk": false
    },
    {
      "level": 3,
      "saturated": false,