{
  "dark_noise": {
    "0": [
      1.697362563390925e-05,
      7.286496603324507e-06,
      1.5230798453558236e-05,
      9.066794806098357e-06
    ],
    "1": [
      9.748846423462965e-06,
      7.5977699638344044e-06,
      1.5593888065268402e-05,
      8.651674160036216e-06
    ],
    "2": [
      1.3480483858074876e-05,
      6.815102458073392e-06,
      1.4083426549404976e-05,
      1.0297879598116884e-05
    ],
    "3": [
      1.4143851103654015e-05,
      8.962198610257753e-06,
      1.1997483397863107e-05,
      7.450871665981867e-06
    ],
    "4": [
      9.581153790350072e-06,
      5.654752577172899e-06,
      1.4383640518644825e-05,
      5.904761262933377e-06
    ],
    "5": [
      1.3698195289180148e-05,
      6.662813955440196e-06,
      1.573282474964799e-05,
      1.00739620980399e-05
    ],
    "6": [
      1.9041834775634925e-05,
      4.554651643664431e-05,
      3.168740249748225e-05,
      3.098759139467381e-05
    ],
    "7": [
      1.1280552598691429e-05,
      6.811040353579939e-06,
      1.5568738263027626e-05,
      7.2224475811618995e-06
    ],
    "8": [
      2.6142206479562446e-05,
      2.4352874593586043e-05,
      2.5960182483686367e-05,
      2.1463139221534977e-05
    ],
    "9": [
      1.9102765236311825e-05,
      8.41208214085725e-06,
      1.281261120311683e-05,
      7.344714778670028e-06
    ],
    "10": [
      1.2923937902087346e-05,
      1.1046748279376328e-05,
      1.9725946458493127e-05,
      8.643857016290586e-06
    ],
    "11": [
      9.981644097933895e-06,
      6.869694767676172e-06,
      1.547582201055775e-05,
      9.269862968744352e-06
    ],
    "12": [
      1.6224452110691345e-05,
      8.417569735537081e-06,
      1.2160802498328849e-05,
      8.668319475918817e-06
    ],
    "13": [
      1.6509425222466234e-05,
      8.323424689339481e-06,
      1.4466618267761078e-05,
      5.907222296122611e-06
    ],
    "14": [
      1.5079100421644398e-05,
      7.081097974906681e-06,
      1.3263226037452114e-05,
      7.729694887004342e-06
    ],
    "15": [
      1.066989511855354e-05,
      5.73185276298578e-06,
      1.3543894965550862e-05,
      7.468807683171592e-06
    ]
  },
  "amplitudes": [
    [
      0.0033807615132657224,
      0.012119163440760508
    ],
    [
      0.29085086489960776,
      0.6
    ],
    [
      0.0033594100386835635,
      0.011572592193260789
    ],
    [
      0.0013475590094458312,
      0.0072820024797692895
    ],
    [
      0.005046137957833707,
      0.017020831583067775
    ],
    [
      0.15006378293037415,
      0.40014538913965225
    ],
    [
      0.15720464289188385,
      0.31420525163412094
    ],
    [
      0.023932817857712507,
      0.06935811135917902
    ],
    [
      0.19975727424025536,
      0.4291115328669548
    ],
    [
      0.0051052350318059325,
      0.01973380334675312
    ],
    [
      0.004914295277558267,
      0.014413432218134403
    ],
    [
      0.03584102727472782,
      0.10188077576458454
    ],
    [
      0.09052701337968717,
      0.19911882314313112
    ],
    [
      0.05484095459825091,
      0.12371027054942685
    ],
    [
      0.3326265701845549,
      0.6
    ],
    [
      0.0641156593337655,
      0.1266238559037447
    ],
    [
      0.11566118337213993,
      0.20346488803625107
    ],
    [
      0.03543720580637455,
      0.07735960651189089
    ],
    [
      0.04644433502107859,
      0.10386615060269833
    ],
    [
      0.09570667041947799,
      0.2985648170346414
    ],
    [
      0.10024736166102313,
      0.2641558877693377
    ],
    [
      0.2391159021015918,
      0.6
    ],
    [
      0.044885072857141495,
      0.11944286525249481
    ],
    [
      0.019412062829360366,
      0.051405164413154125
    ],
    [
      0.6,
      1.1691793387353804
    ],
    [
      0.22187906685976677,
      0.3911668857806357
    ],
    [
      0.060937334869696685,
      0.13724033772227118
    ],
    [
      0.06391270086169243,
      0.21435009315609932
    ],
    [
      0.0042256759479641914,
      0.01766629400663078
    ],
    [
      0.29380834198387484,
      0.6
    ],
    [
      0.03731323776811356,
      0.08405564953727548
    ],
    [
      0.10528492073770471,
      0.23819880298535787
    ],
    [
      0.033433856442570686,
      0.09195287711918354
    ],
    [
      0.024800568353384733,
      0.08161124773323536
    ],
    [
      0.01911138999275863,
      0.04845202434808016
    ],
    [
      0.01571091474033892,
      0.04526065196841955
    ],
    [
      0.06611657794564962,
      0.21767692640423775
    ],
    [
      0.026926640421152115,
      0.09051505476236343
    ],
    [
      0.004767421633005142,
      0.019252424826845527
    ],
    [
      0.019541902001947165,
      0.06374089512974024
    ],
    [
      0.005185483023524284,
      0.014127935282886028
    ],
    [
      0.007007382810115814,
      0.018976988503709435
    ],
    [
      0.007007371750660241,
      0.0266153528355062
    ],
    [
      0.04017277155071497,
      0.17116691917181015
    ],
    [
      0.00376902986317873,
      0.012941680615767837
    ],
    [
      0.005984799354337156,
      0.025533707812428474
    ],
    [
      0.003081750764977187,
      0.01332966610789299
    ],
    [
      0.006822669529356062,
      0.02497686306014657
    ]
  ],
  "signal_quality": [
    {
      "level": 3,
      "saturated": false,
      "xtalk": false
    },
    {
      "level": 3,
      "saturated": false,
      "xtalk": false
    },
    {
      "level": 3,
      "saturated": false,
      "xtalk": false
    },
    {
      "level": 2,
      "saturated": false,
      "xtalk": false
    },
    {
      "level": 3,
      "saturated": false,
      "xtalk": false
    },
    {
      "level": 3,
      "saturated": false,
      "xtalk": false
    },
    {
      "level": 3,
      "saturated": false,
      "xtalk": false
    },
    {
      "level": 3,
      "saturated": false,
      "xtalk": false
    },
    {
      "level": 3,
      "saturated": false,
      "xtalk": false
    },
    {
      "level": 3,
      "saturated": false,
      "xtalk": false
    },
    {
      "level": 3,
      "saturated": false,
      "xtalk": false
    },
    {
      "level": 3,
      "saturated": false,
      "xtalk": false
    },
    {
      "level": 3,
      "saturated": false,
      "xtalk": false
    },
    {
      "level": 3,
      "saturated": false,
      "xtalk": false
    },
    {
      "level": 3,
      "saturated": false,
      "xtalk": false
    },
    {
      "level": 3,
      "saturated": false,
      "xtalk": false
    },
    {
      "level": 3,
      "saturated": false,
      "xtalk": false
    },
    {
      "level": 3,
      "saturated": false,
      "xtalk": false
    },
    {
      "level": 3,
      "saturated": false,
      "xtalk": false
    },
    {
      "level": 3,
      "saturated": false,
      "xtalk": false
    },
    {
      "level": 3,
      "saturated": false,
      "xtalk": false
    },
    {
      "level": 3,
      "saturated": false,
      "xtalk": false
    },
    {
      "level": 3,
      "saturated": false,
      "xtalk": false
    },
    {
      "level": 3,
      "saturated": false,
      "xtalk": false
    },
    {
      "level": 3,
      "saturated": false,
      "xtalk": false
    },
    {
      "level": 3,
      "saturated": false,
      "xtalk": false
    },
    {
      "level": 3,
      "saturated": false,
      "xtalk": false
    },
    {
      "level": 3,
      "saturated": false,
      "xtalk": false
    },
    {
      "level": 3,
      "saturated": false,
      "xtalk": false
    },
    {
      "level": 3,
      "saturated": false,
      "xtalk": false
    },
    {
      "level": 3,
      "saturated": false,
      "xtalk": false
    },
    {
      "level": 3,
      "saturated": false,
      "xtalk": false
    },
    {
      "level": 3,
      "saturated": false,
      "xtalk": false
    },
    {
      "level": 3,
      "saturated": false,