{
  "dark_noise": {
    "0": [
      1.3900195199312293e-05,
      8.04885055579032e-06,
      1.8892882280852064e-05,
      1.0603495582293019e-05
    ],
    "1": [
      1.6278322618745733e-05,
      9.152841310453527e-06,
      1.6426441789008095e-05,
      8.932916992340173e-06
    ],
    "2": [
      1.793015258044761e-05,
      9.389212090572077e-06,
      1.6991411939670797e-05,
      1.1373693415872091e-05
    ],
    "3": [
      1.7852480596047826e-05,
      9.67007049499785e-06,
      1.930108965098043e-05,
      9.526995013313074e-06
    ],
    "4": [
      1.5974791267581168e-05,
      6.692077664898591e-06,
      1.543228449918388e-05,
      7.636849554691296e-06
    ],
    "5": [
      1.4170914255373646e-05,
      6.923449025609458e-06,
      1.7999840338234208e-05,
      9.156805066662075e-06
    ],
    "6": [
      1.4987240319896955e-05,
      7.862220092466007e-06,
      1.8086044519805e-05,
      7.588383897554375e-06
    ],
    "7": [
      1.65937296969787e-05,
      7.396475455637677e-06,
      1.366465426144714e-05,
      1.020274570534037e-05
    ],
    "8": [
      1.7866831285573426e-05,
      7.507692569620722e-06,
      1.5272935343091376e-05,
      9.068823759555572e-06
    ],
    "9": [
      1.7342084674965008e-05,
      8.921788340979334e-06,
      1.9485783013806213e-05,
      9.528541136936719e-06
    ],
    "10": [
      1.5903888197499327e-05,
      6.209488880936687e-06,
      1.1169394156240742e-05,
      7.085847867734474e-06
    ],
    "11": [
      1.9329943370394176e-05,
      9.471911448983029e-06,
      2.1346654648368713e-05,
      9.328683992638117e-06
    ],
    "12": [
      1.4715313909618999e-05,
      5.459950361211274e-06,
      1.2478791404646472e-05,
      7.890848029634539e-06
    ],
    "13": [
      1.555823359922215e-05,
      8.910311509908535e-06,
      1.656537165217742e-05,
      8.726936012192155e-06
    ],
    "14": [
      1.186827034871385e-05,
      7.778615352923946e-06,
      1.9374476778466487e-05,
      9.664099448616603e-06
    ],
    "15": [
      1.2243872333783656e-05,
      9.558332296937434e-06,
      1.4150477909424808e-05,
      4.793515716412491e-06
    ]
  },
  "amplitudes": [
    [
      0.005082203424535692,
      0.011261609615758061
    ],
    [
      0.27411745861172676,
      0.5362813174724579
    ],
    [
      0.0024166761431843042,
      0.0057064584689214826
    ],
    [
      0.0004289269054424949,
      0.0011679149611154571
    ],
    [
      0.0005821230661240406,
      0.0016869317914824933
    ],
    [
      0.034156867768615484,
      0.06253157276660204
    ],
    [
      0.014359178021550179,
      0.028303237631917
    ],
    [
      0.0019558567146304995,
      0.004677995748352259
    ],
    [
      0.005204281187616289,
      0.009407424950040877
    ],
    [
      0.0006657352787442505,
      0.001925756805576384
    ],
    [
      0.0006299689994193614,
      0.0015616424207109958
    ],
    [
      0.0006340858817566186,
      0.0011005386477336287
    ],
    [
      0.22221934383755088,
      0.2369782335241227
    ],
    [
      0.08027522940963268,
      0.10634651549383126
    ],
    [
      0.49032845364329136,
      0.6
    ],
    [
      0.000238273150898749,
      0.0007253081275848672
    ],
    [
      0.006108101224526763,
      0.012750406749546528
    ],
    [
      0.005712893325835466,
      0.013793115504086018
    ],
    [
      0.005765343084931374,
      0.013119025388732553
    ],
    [
      0.08420284624455224,
      0.1770121475590326
    ],
    [
      0.45456813112118255,
      0.6
    ],
    [
      0.09011332924961926,
      0.15291412526567894
    ],
    [
      0.004957327037118375,
      0.009043230675160885
    ],
    [
      0.03745296271517873,
      0.07098659407347441
    ],
    [
      0.1444417517632246,
      0.2219351939857006
    ],
    [
      0.12781653553247452,
      0.2245904691517353
    ],
    [
      0.026661718729883432,
      0.05146757233887911
    ],
    [
      0.021900900173932314,
      0.052645704708993435
    ],
    [
      0.0074041326297447085,
      0.013437623856589198
    ],
    [
      0.3816217054230895,
      0.6
    ],
    [
      0.05547720070184484,
      0.0925005078003554
    ],
    [
      0.37168774584920194,
      0.4969598591933648
    ],
    [
      0.0014720346371177584,
      0.00494171807076782
    ],
    [
      0.005027604638598859,
      0.014380997745320201
    ],
    [
      0.003916049317922443,
      0.009736176580190659
    ],
    [
      0.001459598570363596,
      0.0034701102413237095
    ],
    [
      0.020157701801508665,
      0.04566539078950882
    ],
    [
      0.007835814612917602,
      0.01460285042412579
    ],
    [
      0.001605892030056566,
      0.004034346202388406
    ],
    [
      0.0010781540186144412,
      0.0027809798484668136
    ],
    [
      0.004255076637491584,
      0.008229625527746975
    ],
    [
      0.0005428248550742865,
      0.0013890241098124534
    ],
    [
      0.0003741697219084017,
      0.0011500683467602357
    ],
    [
      0.10984024964272976,
      0.17457742244005203
    ],
    [
      0.031225758139044046,
      0.060000657103955746
    ],
    [
      0.00012297869943722617,
      0.00042080198909388855
    ],
    [
      0.0002934740041382611,
      0.001382204209221527
    ],
    [
      0.0001523660193925025,
      0.0005280733967083506
    ]
  ],
  "signal_quality": [
    {
      "level": 3,
      "saturated": false,
      "xtalk": false
    },
    {
      "level": 3,
      "saturated": false,
      "xtalk": false
    },
    {
      "level": 2,
      "saturated": false,
      "xtalk": false
    },
    {
      "level": 1,
      "saturated": false,
      "xtalk": false
    },
    {
      "level": 2,
      "saturated": false,
      "xtalk": false
    },
    {
      "level": 3,
      "saturated": false,
      "xtalk": false
    },
    {
      "level": 3,
      "saturated": false,
      "xtalk": false
    },
    {
      "level": 2,
      "saturated": false,
      "xtalk": false
    },
    {
      "level": 3,
      "saturated": false,
      "xtalk": false
    },
    {
      "level": 2,
      "saturated": false,
      "xtalk": false
    },
    {
      "level": 2,
      "saturated": false,
      "xtalk": false
    },
    {
      "level": 2,
      "saturated": false,
      "xtalk": false
    },
    {
      "level": 3,
      "saturated": false,
      "xtalk": false
    },
    {
      "level": 3,
      "saturated": false,
      "xtalk": false
    },
    {
      "level": 3,
      "saturated": false,
      "xtalk": false
    },
    {
      "level": 1,
      "saturated": false,
      "xtalk": false
    },
    {
      "level": 3,
      "saturated": false,
      "xtalk": false
    },
    {
      "level": 3,
      "saturated": false,
      "xtalk": false
    },
    {
      "level": 3,
      "saturated": false,
      "xtalk": false
    },
    {
      "level": 3,
      "saturated": false,
      "xtalk": false
    },
    {
      "level": 3,
      "saturated": false,
      "xtalk": false
    },
    {
      "level": 3,
      "saturated": false,
      "xtalk": false
    },
    {
      "level": 3,
      "saturated": false,
      "xtalk": false
    },
    {
      "level": 3,
      "saturated": false,
      "xtalk": false
    },
    {
      "level": 3,
      "saturated": false,
      "xtalk": false
    },
    {
      "level": 3,
      "saturated": false,
      "xtalk": false
    },
    {
      "level": 3,
      "saturated": false,
      "xtalk": false
    },
    {
      "level": 3,
      "saturated": false,
      "xtalk": false
    },
    {
      "level": 3,
      "saturated": false,
      "xtalk": false
    },
    {
      "level": 3,
      "saturated": false,
      "xtalk": false
    },
    {
      "level": 3,
      "saturated": false,
      "xtalk": false
    },
    {
      "level": 3,
      "saturated": false,
      "xtalk": false
    },
    {
      "level": 2,
      "saturated": false,