{
  "dark_noise": {
    "0": [
      1.6038646890592645e-05,
      8.234411131942414e-06,
      1.778117962203396e-05,
      7.237224526430227e-06
    ],
    "1": [
      1.4724691936862655e-05,
      9.232687160903742e-06,
      1.3943389376436244e-05,
      7.879069167247888e-06
    ],
    "2": [
      1.8223296365249553e-05,
      9.30585815825237e-06,
      2.0175318695692113e-05,
      9.314008642167705e-06
    ],
    "3": [
      1.93800747183559e-05,
      7.86845928661655e-06,
      2.0731924905703636e-05,
      8.945738329062104e-06
    ],
    "4": [
      1.3430186527330079e-05,
      7.775005274345935e-06,
      1.9046266288569313e-05,
      1.469125209567079e-05
    ],
    "5": [
      1.2802529454347678e-05,
      9.982076712385612e-06,
      1.4436942592510604e-05,
      8.409060666603106e-06
    ],
    "6": [
      0.00018425966118229553,
      0.00027479613673598387,
      0.0001649454679863993,
      0.000189093169933191
    ],
    "7": [
      1.542327595416282e-05,
      8.993453577309716e-06,
      1.4600540225728764e-05,
      7.416854788388955e-06
    ],
    "8": [
      0.00010431092960061505,
      0.00027255398272238944,
      7.876581548771355e-05,
      0.00019467723751400367
    ],
    "9": [
      2.0931631752318935e-05,
      1.0495072339836904e-05,
      2.1998487227392616e-05,
      1.0957703613444386e-05
    ],
    "10": [
      1.561418571327522e-05,
      7.317355136306654e-06,
      1.8552650544734206e-05,
      9.242298366533742e-06
    ],
    "11": [
      1.4050332310944214e-05,
      7.54179538993636e-06,
      1.9438723484199727e-05,
      6.594711291175294e-06
    ],
    "12": [
      1.2329612673056545e-05,
      1.1242328652362305e-05,
      1.9443207293079467e-05,
      7.347811138200753e-06
    ],
    "13": [
      1.6908528550629853e-05,
      9.11204895941916e-06,
      1.563716068631038e-05,
      8.400565940509975e-06
    ],
    "14": [
      1.3365432778300601e-05,
      1.0356501772984896e-05,
      1.9974970655312063e-05,
      8.772176419905186e-06
    ],
    "15": [
      1.2868831618106924e-05,
      1.2118473737634606e-05,
      1.7990265632761293e-05,
      1.1492283206298483e-05
    ]
  },
  "amplitudes": [
    [
      0.004768840444739908,
      0.015084529295563698
    ],
    [
      0.012507867068052292,
      0.03571757348254323
    ],
    [
      0.0005718913234886713,
      0.0013298574776854366
    ],
    [
      0.0002258792483189609,
      0.000972431807895191
    ],
    [
      0.0005748234616476111,
      0.0016765356122050434
    ],
    [
      0.00353326671756804,
      0.009111014660447836
    ],
    [
      0.0017710197425913066,
      0.010034885490313172
    ],
    [
      0.0006751448381692171,
      0.0012441004218999296
    ],
    [
      0.002252336125820875,
      0.006153038120828569
    ],
    [
      0.0006791565829189494,
      0.001965114934137091
    ],
    [
      0.0009698038775241002,
      0.0023854500614106655
    ],
    [
      0.0005330455314833671,
      0.0014085504517424852
    ],
    [
      0.012954466020911487,
      0.030133501856134913
    ],
    [
      0.011461133918223043,
      0.02355993118700467
    ],
    [
      0.3438426081956461,
      0.6
    ],
    [
      0.005615763948298991,
      0.01587681588716805
    ],
    [
      0.006678448989987373,
      0.023400995414704084
    ],
    [
      0.004038434999529272,
      0.009304796694777906
    ],
    [
      0.022093195002526045,
      0.05180858075618744
    ],
    [
      0.014374923193827271,
      0.04000574816018343
    ],
    [
      0.22581079974770546,
      0.37842515856027603
    ],
    [
      0.03844389924779534,
      0.0972367636859417
    ],
    [
      0.014654177939519286,
      0.04096055869013071
    ],
    [
      0.051259384490549564,
      0.11091395281255245
    ],
    [
      0.32765486381912484,
      0.6
    ],
    [
      0.05126400055894867,
      0.11172570845823772
    ],
    [
      0.047910421884323,
      0.1162942585449731
    ],
    [
      0.02144095255061984,
      0.059995804913342
    ],
    [
      0.020303875207901,
      0.0541630620136857
    ],
    [
      0.3329274967817672,
      0.6
    ],
    [
      0.04037120719628807,
      0.0878757764447057
    ],
    [
      0.13890170737585844,
      0.21995573215039838
    ],
    [
      0.0038420219789259136,
      0.010327320778742433
    ],
    [
      0.02481746720150113,
      0.06283327471464872
    ],
    [
      0.010121039813384414,
      0.02412543399259448
    ],
    [
      0.006835429812781513,
      0.015417919494211674
    ],
    [
      0.007212511263787746,
      0.01828888081945479
    ],
    [
      0.008825912955217063,
      0.026846991386264563
    ],
    [
      0.006536371074616909,
      0.01717698876745999
    ],
    [
      0.03774394514039159,
      0.07465301547199488
    ],
    [
      0.0007911803550086915,
      0.0023738492745906115
    ],
    [
      0.0005336023241397925,
      0.0020843716629315168
    ],
    [
      0.001592338812770322,
      0.004952558665536344
    ],
    [
      0.06953790783882141,
      0.21865563467144966
    ],
    [
      0.00788116070907563,
      0.024082744494080544
    ],
    [
      0.0035626674070954323,
      0.014086846495047212
    ],
    [
      0.0006946406938368455,
      0.0036763862590305507
    ],
    [
      0.00027287200282444246,
      0.0011237532453378662
    ]
  ],
  "signal_quality": [
    {
      "level": 3,
      "saturated": false,
      "xtalk": false
    },
    {
      "level": 3,
      "saturated": false,
      "xtalk": false
    },
    {
      "level": 2,
      "saturated": false,
      "xtalk": false
    },
    {
      "level": 1,
      "saturated": false,
      "xtalk": false
    },
    {
      "level": 2,
      "saturated": false,
      "xtalk": false
    },
    {
      "level": 3,
      "saturated": false,
      "xtalk": false
    },
    {
      "level": 2,
      "saturated": false,
      "xtalk": false
    },
    {
      "level": 2,
      "saturated": false,
      "xtalk": false
    },
    {
      "level": 2,
      "saturated": false,
      "xtalk": false
    },
    {
      "level": 2,
      "saturated": false,
      "xtalk": false
    },
    {
      "level": 2,
      "saturated": false,
      "xtalk": false
    },
    {
      "level": 2,
      "saturated": false,
      "xtalk": false
    },
    {
      "level": 3,
      "saturated": false,
      "xtalk": false
    },
    {
      "level": 3,
      "saturated": false,
      "xtalk": false
    },
    {
      "level": 3,
      "saturated": false,
      "xtalk": false
    },
    {
      "level": 3,
      "saturated": false,
      "xtalk": false
    },
    {
      "level": 3,
      "saturated": false,
      "xtalk": false
    },
    {
      "level": 3,
      "saturated": false,
      "xtalk": false
    },
    {
      "level": 3,
      "saturated": false,
      "xtalk": false
    },
    {
      "level": 3,
      "saturated": false,
      "xtalk": false
    },
    {
      "level": 3,
      "saturated": false,
      "xtalk": false
    },
    {
      "level": 3,
      "saturated": false,
      "xtalk": false
    },
    {
      "level": 3,
      "saturated": false,
      "xtalk": false
    },
    {
      "level": 3,
      "saturated": false,
      "xtalk": false
    },
    {
      "level": 3,
      "saturated": false,
      "xtalk": false
    },
    {
      "level": 3,
      "saturated": false,
      "xtalk": false
    },
    {
      "level": 3,
      "saturated": false,
      "xtalk": false
    },
    {
      "level": 3,
      "saturated": false,
      "xtalk": false
    },
    {
      "level": 3,
      "saturated": false,
      "xtalk": false
    },
    {
      "level": 3,
      "saturated": false,
      "xtalk": false
    },
    {
      "level": 3,
      "saturated": false,
      "xtalk": false
    },
    {
      "level": 3,
      "saturated": false,
      "xtalk": false
    },
    {
      "level": 3,
      "saturated": false,