{
  "dark_noise": {
    "0": [
      1.8731881255007465e-05,
      8.72994377662353e-06,
      1.6849467101565097e-05,
      9.08278225842926e-06
    ],
    "1": [
      1.4221767514754902e-05,
      1.1076051294160356e-05,
      2.041704874500283e-05,
      1.0695253137970343e-05
    ],
    "2": [
      2.0638533442252083e-05,
      9.918836969113732e-06,
      1.702447775642213e-05,
      1.2805046591265366e-05
    ],
    "3": [
      2.167079173887032e-05,
      1.1175806502501336e-05,
      2.118262500516721e-05,
      8.877809918968531e-06
    ],
    "4": [
      1.870944743131986e-05,
      7.454653051355729e-06,
      2.0430177301022923e-05,
      1.1410895848181008e-05
    ],
    "5": [
      2.0756963294843445e-05,
      1.050845257721002e-05,
      2.0702464098576456e-05,
      1.1694054273387825e-05
    ],
    "6": [
      4.338775852374965e-05,
      3.552879073079133e-05,
      3.7184934171818895e-05,
      3.085534341109982e-05
    ],
    "7": [
      3.1442034469364444e-05,
      6.848638991484651e-05,
      3.714347030836507e-05,
      4.8997294102753516e-05
    ],
    "8": [
      3.599590854719281e-05,
      3.3443230310921286e-05,
      2.7418809622759e-05,
      2.5111320154406377e-05
    ],
    "9": [
      3.3757748951757094e-05,
      4.684339906597041e-05,
      2.861412895072135e-05,
      3.5402757237484133e-05
    ],
    "10": [
      2.1181540432735346e-05,
      1.10222387122049e-05,
      1.6321540670105605e-05,
      1.2085266556067013e-05
    ],
    "11": [
      2.271856374136405e-05,
      1.3563264969527927e-05,
      1.673479232522368e-05,
      7.6174960002610736e-06
    ],
    "12": [
      2.2246706521400483e-05,
      1.2522069523025847e-05,
      1.9980318484158488e-05,
      8.386506014493401e-06
    ],
    "13": [
      2.236092768725939e-05,
      1.1879074751816219e-05,
      2.4191356260416796e-05,
      1.2726946296644395e-05
    ],
    "14": [
      1.8993654293808504e-05,
      9.623552851861134e-06,
      1.813292669794464e-05,
      7.935013004259292e-06
    ],
    "15": [
      1.964925104402937e-05,
      1.0090330671409826e-05,
      1.8253508642374072e-05,
      1.0687822913995623e-05
    ]
  },
  "amplitudes": [
    [
      0.008405919652432203,
      0.026756450533866882
    ],
    [
      0.029044568073004484,
      0.06973160430788994
    ],
    [
      0.001777893048711121,
      0.004345069173723459
    ],
    [
      0.0001510209131083684,
      0.0006814976950408891
    ],
    [
      0.00018130684111383744,
      0.0006176294846227393
    ],
    [
      0.003617856709752232,
      0.011817932827398181
    ],
    [
      0.006859154091216624,
      0.02344895387068391
    ],
    [
      0.0008567245822632685,
      0.0023252895334735513
    ],
    [
      0.0037333217915147543,
      0.008923636632971466
    ],
    [
      0.0005895407593925484,
      0.0013208748714532703
    ],
    [
      0.0004949619687977247,
      0.0010733568342402577
    ],
    [
      0.0002694035356398672,
      0.0006759877578588203
    ],
    [
      0.09122619721421782,
      0.1417309454992716
    ],
    [
      0.030069405812041292,
      0.04231269761519932
    ],
    [
      0.43699199462518995,
      0.6
    ],
    [
      0.000995689770206809,
      0.002533693623263389
    ],
    [
      0.023681260645389557,
      0.053303674794733524
    ],
    [
      0.004614317731466144,
      0.011550922645255923
    ],
    [
      0.03297346644103527,
      0.06821728777140379
    ],
    [
      0.10847134119717523,
      0.21313642940584032
    ],
    [
      0.41444513396734317,
      0.6
    ],
    [
      0.18297290309704997,
      0.3798604887368753
    ],
    [
      0.03751315176486969,
      0.08079875260591507
    ],
    [
      0.3405383974313736,
      0.5095808580517769
    ],
    [
      0.21491296520944064,
      0.42855202878636706
    ],
    [
      0.29647153480424404,
      0.6
    ],
    [
      0.09238274549035153,
      0.1959255647983346
    ],
    [
      0.18286947160959244,
      0.41519638150930405
    ],
    [
      0.1145316381007433,
      0.2678512968122959
    ],
    [
      0.31751881062828147,
      0.6
    ],
    [
      0.10579237308020303,
      0.1866502750529031
    ],
    [
      0.10295143491733011,
      0.14019804345019693
    ],
    [
      0.037414508406072855,
      0.0907593872398138
    ],
    [
      0.07364938035607338,
      0.1537205372005701
    ],
    [
      0.04519568756222725,
      0.09345355443656445
    ],
    [
      0.004357437428552657,
      0.007735332474112511
    ],
    [
      0.009602968930266798,
      0.024628527462482452
    ],
    [
      0.00939738645683974,
      0.02623104490339756
    ],
    [
      0.0075496709905564785,
      0.018553087720647454
    ],
    [
      0.002931180060841143,
      0.00829545024316758
    ],
    [
      0.0016200348909478635,
      0.004346011264715344
    ],
    [
      0.00026420893846079707,
      0.000703730111126788
    ],
    [
      0.00045748689444735646,
      0.0012555606372188777
    ],
    [
      0.04992027301341295,
      0.1271666493266821
    ],
    [
      0.002906705194618553,
      0.006708984146825969
    ],
    [
      0.00030770639568800107,
      0.0013256828242447227
    ],
    [
      0.0012479447468649596,
      0.00479345879284665
    ],
    [
      7.94509378465591e-05,
      0.0003041114723600913
    ]
  ],
  "signal_quality": [
    {
      "level": 3,
      "saturated": false,
      "xtalk": false
    },
    {
      "level": 3,
      "saturated": false,
      "xtalk": false
    },
    {
      "level": 2,
      "saturated": false,
      "xtalk": false
    },
    {
      "level": 1,
      "saturated": false,
      "xtalk": false
    },
    {
      "level": 1,
      "saturated": false,
      "xtalk": false
    },
    {
      "level": 3,
      "saturated": false,
      "xtalk": false
    },
    {
      "level": 3,
      "saturated": false,
      "xtalk": false
    },
    {
      "level": 2,
      "saturated": false,
      "xtalk": false
    },
    {
      "level": 3,
      "saturated": false,
      "xtalk": false
    },
    {
      "level": 2,
      "saturated": false,
      "xtalk": false
    },
    {
      "level": 1,
      "saturated": false,
      "xtalk": false
    },
    {
      "level": 1,
      "saturated": false,
      "xtalk": false
    },
    {
      "level": 3,
      "saturated": false,
      "xtalk": false
    },
    {
      "level": 3,
      "saturated": false,
      "xtalk": false
    },
    {
      "level": 3,
      "saturated": false,
      "xtalk": false
    },
    {
      "level": 2,
      "saturated": false,
      "xtalk": false
    },
    {
      "level": 3,
      "saturated": false,
      "xtalk": false
    },
    {
      "level": 3,
      "saturated": false,
      "xtalk": false
    },
    {
      "level": 3,
      "saturated": false,
      "xtalk": false
    },
    {
      "level": 3,
      "saturated": false,
      "xtalk": false
    },
    {
      "level": 3,
      "saturated": false,
      "xtalk": false
    },
    {
      "level": 3,
      "saturated": false,
      "xtalk": false
    },
    {
      "level": 3,
      "saturated": false,
      "xtalk": false
    },
    {
      "level": 3,
      "saturated": false,
      "xtalk": false
    },
    {
      "level": 3,
      "saturated": false,
      "xtalk": false
    },
    {
      "level": 3,
      "saturated": false,
      "xtalk": false
    },
    {
      "level": 3,
      "saturated": false,
      "xtalk": false
    },
    {
      "level": 3,
      "saturated": false,
      "xtalk": false
    },
    {
      "level": 3,
      "saturated": false,
      "xtalk": false
    },
    {
      "level": 3,
      "saturated": false,
      "xtalk": false
    },
    {
      "level": 3,
      "saturated": false,
      "xtalk": false
    },
    {
      "level": 3,
      "saturated": false,
      "xtalk": false
    },
    {
      "level": 3,
      "saturated": false,
      "xtalk": false
    },
    {
      "level": 3,