{
  "dark_noise": {
    "0": [
      1.1793352996392059e-05,
      6.128761494629074e-06,
      1.5935721648929757e-05,
      8.9417624722557e-06
    ],
    "1": [
      1.586353846505517e-05,
      6.547925832736459e-06,
      1.391171281284187e-05,
      9.310812074805923e-06
    ],
    "2": [
      1.22588744488894e-05,
      6.448355003531625e-06,
      1.5320614465963445e-05,
      9.293720711845437e-06
    ],
    "3": [
      1.103863951357198e-05,
      7.2128857614596775e-06,
      1.462961449760769e-05,
      9.209112015010351e-06
    ],
    "4": [
      1.4886063581798226e-05,
      6.904725380116109e-06,
      1.3397094562606071e-05,
      6.6620067778358515e-06
    ],
    "5": [
      9.599898476153612e-06,
      7.636333214474169e-06,
      2.0124318780290196e-05,
      8.165136453217985e-06
    ],
    "6": [
      1.5880987120908685e-05,
      6.041202302706117e-06,
      1.6684599586369586e-05,
      9.363198652022939e-06
    ],
    "7": [
      1.3339655424715602e-05,
      6.2135294998939055e-06,
      1.1381652029740508e-05,
      7.75085427848845e-06
    ],
    "8": [
      1.1748090855689952e-05,
      6.490061744193614e-06,
      1.9581134438340086e-05,
      1.0196692316806292e-05
    ],
    "9": [
      1.40722431751783e-05,
      6.853251906097638e-06,
      1.6498930790476152e-05,
      8.51505226314292e-06
    ],
    "10": [
      1.1988969390586135e-05,
      5.2981401061471454e-06,
      1.4135553101368714e-05,
      8.400545299594327e-06
    ],
    "11": [
      1.7326884744761628e-05,
      6.3299767931406375e-06,
      1.3454144891511532e-05,
      6.966021472343157e-06
    ],
    "12": [
      1.36762275815272e-05,
      5.507261107437499e-06,
      1.1904634220627486e-05,
      6.410084486237424e-06
    ],
    "13": [
      1.3041620832154877e-05,
      5.801072072243909e-06,
      1.3776584637525957e-05,
      7.73075079092015e-06
    ],
    "14": [
      1.5007670981503907e-05,
      4.832164127137733e-06,
      1.1741666412490304e-05,
      7.5165184590016e-06
    ],
    "15": [
      1.4144278566163848e-05,
      7.526586809597716e-06,
      1.722355591482483e-05,
      1.0122657102673678e-05
    ]
  },
  "amplitudes": [
    [
      0.003944203490391374,
      0.009739366942085326
    ],
    [
      0.2524012513458729,
      0.5199717357754707
    ],
    [
      0.0019747839542105794,
      0.005161066073924303
    ],
    [
      0.0003424262104090303,
      0.0010389344970462844
    ],
    [
      0.0005334941306500696,
      0.0016858236631378531
    ],
    [
      0.03759253537282348,
      0.07300101686269045
    ],
    [
      0.015281295636668801,
      0.03175045596435666
    ],
    [
      0.0017525670409668237,
      0.004392372502479702
    ],
    [
      0.004150515887886286,
      0.007812110125087202
    ],
    [
      0.0005099845657241531,
      0.0017697281145956367
    ],
    [
      0.00046456461859634146,
      0.0012815759691875428
    ],
    [
      0.00046781322453171015,
      0.0008630542288301513
    ],
    [
      0.21810058843764013,
      0.2375829354248431
    ],
    [
      0.08251071143373472,
      0.11003806727690656
    ],
    [
      0.48787982122500456,
      0.6
    ],
    [
      0.0001666363277763594,
      0.0005358722046366893
    ],
    [
      0.005527811590582132,
      0.012003446463495493
    ],
    [
      0.004401191836223006,
      0.010950181167572737
    ],
    [
      0.005130504141561687,
      0.012462196173146367
    ],
    [
      0.08524284971147052,
      0.18699758430064053
    ],
    [
      0.4244280767564771,
      0.6
    ],
    [
      0.11377385941810068,
      0.200566242886377
    ],
    [
      0.004025887174066156,
      0.007745233015157282
    ],
    [
      0.03917275462299585,
      0.07780433166772127
    ],
    [
      0.12009265832602978,
      0.2051514945924282
    ],
    [
      0.10377505794167519,
      0.19973782822489738
    ],
    [
      0.01991181867197156,
      0.04323252942413092
    ],
    [
      0.02198109170421958,
      0.05666850134730339
    ],
    [
      0.00691769877448678,
      0.013383281184360385
    ],
    [
      0.35217369554947137,
      0.6
    ],
    [
      0.04737176735684652,
      0.0836741379576642
    ],
    [
      0.35621597827342305,
      0.47804624705820614
    ],
    [
      0.00129462598124519,
      0.0047545472625643015
    ],
    [
      0.004543382965493947,
      0.013795251725241542
    ],
    [
      0.0031743128784000874,
      0.008208860526792705
    ],
    [
      0.0011383788660168648,
      0.002880760293919593
    ],
    [
      0.017676883144304156,
      0.04307989031076431
    ],
    [
      0.00682080106344074,
      0.013138634385541081
    ],
    [
      0.0014703671331517398,
      0.004012002900708467
    ],
    [
      0.000975749280769378,
      0.002663459163159132
    ],
    [
      0.0035627963370643556,
      0.006946822977624834
    ],
    [
      0.0004137608630117029,
      0.0011725885997293517
    ],
    [
      0.0002851015051419381,
      0.0010067008406622335
    ],
    [
      0.09692935273051262,
      0.16435720026493073
    ],
    [
      0.02769809914752841,
      0.055996980518102646
    ],
    [
      0.00010421151273476426,
      0.00041986681026173756
    ],
    [
      0.0002482155650795903,
      0.0012960941239725798
    ],
    [
      0.0001390872694173595,
      0.0005129148485139012
    ]
  ],
  "signal_quality": [
    {
      "level": 3,
      "saturated": false,
      "xtalk": false
    },
    {
      "level": 3,
      "saturated": false,
      "xtalk": false
    },
    {
      "level": 2,
      "saturated": false,
      "xtalk": false
    },
    {
      "level": 1,
      "saturated": false,
      "xtalk": false
    },
    {
      "level": 2,
      "saturated": false,
      "xtalk": false
    },
    {
      "level": 3,
      "saturated": false,
      "xtalk": false
    },
    {
      "level": 3,
      "saturated": false,
      "xtalk": false
    },
    {
      "level": 2,
      "saturated": false,
      "xtalk": false
    },
    {
      "level": 3,
      "saturated": false,
      "xtalk": false
    },
    {
      "level": 2,
      "saturated": false,
      "xtalk": false
    },
    {
      "level": 1,
      "saturated": false,
      "xtalk": false
    },
    {
      "level": 1,
      "saturated": false,
      "xtalk": false
    },
    {
      "level": 3,
      "saturated": false,
      "xtalk": false
    },
    {
      "level": 3,
      "saturated": false,
      "xtalk": false
    },
    {
      "level": 3,
      "saturated": false,
      "xtalk": false
    },
    {
      "level": 1,
      "saturated": false,
      "xtalk": false
    },
    {
      "level": 3,
      "saturated": false,
      "xtalk": false
    },
    {
      "level": 3,
      "saturated": false,
      "xtalk": false
    },
    {
      "level": 3,
      "saturated": false,
      "xtalk": false
    },
    {
      "level": 3,
      "saturated": false,
      "xtalk": false
    },
    {
      "level": 3,
      "saturated": false,
      "xtalk": false
    },
    {
      "level": 3,
      "saturated": false,
      "xtalk": false
    },
    {
      "level": 3,
      "saturated": false,
      "xtalk": false
    },
    {
      "level": 3,
      "saturated": false,
      "xtalk": false
    },
    {
      "level": 3,
      "saturated": false,
      "xtalk": false
    },
    {
      "level": 3,
      "saturated": false,
      "xtalk": false
    },
    {
      "level": 3,
      "saturated": false,
      "xtalk": false
    },
    {
      "level": 3,
      "saturated": false,
      "xtalk": false
    },
    {
      "level": 3,
      "saturated": false,
      "xtalk": false
    },
    {
      "level": 3,
      "saturated": false,
      "xtalk": false
    },
    {
      "level": 3,
      "saturated": false,
      "xtalk": false
    },
    {
      "level": 3,
      "saturated": false,
      "xtalk": false
    },
    {
      "level": 2,
      "saturated": false,