{
  "dark_noise": {
    "0": [
      2.7885937470273348e-05,
      0.00010074076224026517,
      4.380143309390405e-05,
      8.039442011450638e-05
    ],
    "1": [
      3.9416440813511144e-05,
      9.637566032399717e-05,
      3.911982730642194e-05,
      8.830515724252491e-05
    ],
    "2": [
      0.00031554358429275453,
      0.0003806376486674128,
      0.0001795084790501278,
      0.00024066568082974912
    ],
    "3": [
      3.3174776490341173e-05,
      0.00012204875680156267,
      3.116468406005879e-05,
      0.00010945126396909355
    ],
    "4": [
      2.0957429569534725e-05,
      6.742144496653494e-05,
      2.050668399533606e-05,
      6.118217343947497e-05
    ],
    "5": [
      1.8494089317755424e-05,
      3.031033984799715e-05,
      2.5811862087721238e-05,
      2.92114715874061e-05
    ],
    "6": [
      0.00015808322132215835,
      0.0005244089801278385,
      0.00024961800590972416,
      0.0004156630942367742
    ],
    "7": [
      1.4854117580398452e-05,
      8.653394334055748e-06,
      2.1231812752375845e-05,
      9.59708614804532e-06
    ],
    "8": [
      0.000695504350005649,
      0.0017949412290115528,
      0.0005099284680909477,
      0.0013579099073967433
    ],
    "9": [
      3.1409024359163595e-05,
      6.087210450957806e-05,
      3.737673296200228e-05,
      3.530650728621057e-05
    ],
    "10": [
      3.241673539378098e-05,
      7.380375216903859e-05,
      2.8793203910026932e-05,
      5.4910558312795946e-05
    ],
    "11": [
      1.9720278032764327e-05,
      9.370846168976721e-06,
      1.6511303329025395e-05,
      7.312286310642978e-06
    ],
    "12": [
      0.0004598834493663162,
      0.00102130010543825,
      0.0003030483094335068,
      0.0007678641685182268
    ],
    "13": [
      1.868267759164155e-05,
      2.2405870610112177e-05,
      2.290346628797124e-05,
      1.6331775079848546e-05
    ],
    "14": [
      3.110239731540787e-05,
      0.0001517697555066849,
      2.317791540917824e-05,
      0.00015471560722946396
    ],
    "15": [
      2.1637338250002358e-05,
      1.3537945411262913e-05,
      1.9425949631113326e-05,
      1.2331643684933664e-05
    ]
  },
  "amplitudes": [
    [
      0.0063722106507029365,
      0.0148026119882623
    ],
    [
      0.3459546328517228,
      0.6
    ],
    [
      0.027040631975978613,
      0.062008765526115894
    ],
    [
      0.038769219536334276,
      0.09308533743023872
    ],
    [
      0.05973678547888994,
      0.15707625076174736
    ],
    [
      0.2047724835574627,
      0.36715246737003326
    ],
    [
      0.08704816922545433,
      0.15529622323811054
    ],
    [
      0.019370093941688538,
      0.04819504916667938
    ],
    [
      0.05471132695674896,
      0.13535675592720509
    ],
    [
      0.0610870448872447,
      0.15216413885354996
    ],
    [
      0.01942841918207705,
      0.051339915953576565
    ],
    [
      0.02994203008711338,
      0.06012836005538702
    ],
    [
      0.3417443959755285,
      0.40790691870944557
    ],
    [
      0.04388148354786059,
      0.08814607849205482
    ],
    [
      0.3044332833346602,
      0.6
    ],
    [
      0.01727363094687462,
      0.055488902144134045
    ],
    [
      0.015439746202901006,
      0.051106042228639126
    ],
    [
      0.07528918329626322,
      0.18185900524258614
    ],
    [
      0.032783392816782,
      0.08571307174861431
    ],
    [
      0.07385487202554941,
      0.21927103400230408
    ],
    [
      0.12129249982535839,
      0.3227226436138153
    ],
    [
      0.062235197983682156,
      0.14827308245003223
    ],
    [
      0.04156271927058697,
      0.10658125393092632
    ],
    [
      0.10277345776557922,
      0.26402032002806664
    ],
    [
      0.36207350390031845,
      0.6
    ],
    [
      0.16752140116206848,
      0.30505179508727376
    ],
    [
      0.2643090206310061,
      0.4928851920848009
    ],
    [
      0.14804179780185223,
      0.37656933069229126
    ],
    [
      0.04419616889208555,
      0.10804996825754642
    ],
    [
      0.3206346383928573,
      0.6
    ],
    [
      0.026528028048936225,
      0.05394446127016615
    ],
    [
      0.3537800075359176,
      0.5427580658895061
    ],
    [
      0.0951997097581625,
      0.24347754195332527
    ],
    [
      0.09933335706591606,
      0.23118304088711739
    ],
    [
      0.0530870771035552,
      0.12757408432662487
    ],
    [
      0.1098619494587183,
      0.2005244605243206
    ],
    [
      0.10321280919015408,
      0.26263831183314323
    ],
    [
      0.04871280398219824,
      0.10497766546905041
    ],
    [
      0.1737765409052372,
      0.38898762315511703
    ],
    [
      0.10164155624806881,
      0.23026255890727043
    ],
    [
      0.09984981268644333,
      0.22679248824715614
    ],
    [
      0.05454994272440672,
      0.12326122261583805
    ],
    [
      0.12578703463077545,
      0.3101087547838688
    ],
    [
      0.33614911447727897,
      0.6
    ],
    [
      0.01438378877109038,
      0.030700069542312282
    ],
    [
      0.06698799785226583,
      0.18725687637925148
    ],
    [
      0.03352396422997117,
      0.08261042647063732
    ],
    [
      0.015530521050095558,
      0.042490274645388126
    ]
  ],
  "signal_quality": [
    {
      "level": 3,
      "saturated": false,
      "xtalk": false
    },
    {
      "level": 3,
      "saturated": false,
      "xtalk": false
    },
    {
      "level": 3,
      "saturated": false,
      "xtalk": false
    },
    {
      "level": 3,
      "saturated": false,
      "xtalk": false
    },
    {
      "level": 3,
      "saturated": false,
      "xtalk": false
    },
    {
      "level": 3,
      "saturated": false,
      "xtalk": false
    },
    {
      "level": 3,
      "saturated": false,
      "xtalk": false
    },
    {
      "level": 3,
      "saturated": false,
      "xtalk": false
    },
    {
      "level": 3,
      "saturated": false,
      "xtalk": false
    },
    {
      "level": 3,
      "saturated": false,
      "xtalk": false
    },
    {
      "level": 3,
      "saturated": false,
      "xtalk": false
    },
    {
      "level": 3,
      "saturated": false,
      "xtalk": false
    },
    {
      "level": 3,
      "saturated": false,
      "xtalk": false
    },
    {
      "level": 3,
      "saturated": false,
      "xtalk": false
    },
    {
      "level": 3,
      "saturated": false,
      "xtalk": false
    },
    {
      "level": 3,
      "saturated": false,
      "xtalk": false
    },
    {
      "level": 3,
      "saturated": false,
      "xtalk": false
    },
    {
      "level": 3,
      "saturated": false,
      "xtalk": false
    },
    {
      "level": 3,
      "saturated": false,
      "xtalk": false
    },
    {
      "level": 3,
      "saturated": false,
      "xtalk": false
    },
    {
      "level": 3,
      "saturated": false,
      "xtalk": false
    },
    {
      "level": 3,
      "saturated": false,
      "xtalk": false
    },
    {
      "level": 3,
      "saturated": false,
      "xtalk": false
    },
    {
      "level": 3,
      "saturated": false,
      "xtalk": false
    },
    {
      "level": 3,
      "saturated": false,
      "xtalk": false
    },
    {
      "level": 3,
      "saturated": false,
      "xtalk": false
    },
    {
      "level": 3,
      "saturated": false,
      "xtalk": false
    },
    {
      "level": 3,
      "saturated": false,
      "xtalk": false
    },
    {
      "level": 3,
      "saturated": false,
      "xtalk": false
    },
    {
      "level": 3,
      "saturated": false,
      "xtalk": false
    },
    {
      "level": 3,
      "saturated": false,
      "xtalk": false
    },
    {
      "level": 3,
      "saturated": false,
      "xtalk": false
    },
    {
      "level": 3,
      "saturated": false,
      "xtalk": false
    },
    {
      "level": 3,
      "saturated": false,
      "xtalk": false
    },
    {
      "level": 3,