{
  "dark_noise": {
    "0": [
      1.70126634202461e-05,
      8.026411099034577e-06,
      1.7223005670530256e-05,
      8.602277768155185e-06
    ],
    "1": [
      1.7618400534047396e-05,
      7.3610541026385725e-06,
      1.4212643009159365e-05,
      7.035530691746062e-06
    ],
    "2": [
      1.2136437135268352e-05,
      6.3040984974407505e-06,
      1.2402108495734865e-05,
      1.0701817447709411e-05
    ],
    "3": [
      2.0812365164601943e-05,
      9.444956910718151e-06,
      1.5803416317794472e-05,
      9.8137282783168e-06
    ],
    "4": [
      1.7089852235585568e-05,
      6.975695128200107e-06,
      1.657533516663534e-05,
      7.14445373619068e-06
    ],
    "5": [
      1.577755369908118e-05,
      9.218759028848534e-06,
      1.8060080719806137e-05,
      9.869582908073969e-06
    ],
    "6": [
      6.558764198416611e-05,
      0.000310593452517512,
      7.894646842032671e-05,
      0.00022922813459705732
    ],
    "7": [
      1.5212907555905986e-05,
      2.839745090074772e-05,
      2.0617590053007007e-05,
      2.9284006600018783e-05
    ],
    "8": [
      6.867564025014872e-05,
      0.00026561583945107,
      3.4512131605879404e-05,
      0.0001882921175779828
    ],
    "9": [
      2.1939811176707735e-05,
      1.3430713776593783e-05,
      1.425641130481381e-05,
      1.1358264838975276e-05
    ],
    "10": [
      1.4479242054221686e-05,
      9.487973782405684e-06,
      1.6935391613515094e-05,
      1.2463980284125188e-05
    ],
    "11": [
      1.748802787915338e-05,
      7.717931633743948e-06,
      1.3464688208841835e-05,
      9.901308507850606e-06
    ],
    "12": [
      1.6474476751682232e-05,
      9.645087681579443e-06,
      1.599074153091351e-05,
      5.653892310150235e-06
    ],
    "13": [
      1.2192020903967205e-05,
      8.220281222205102e-06,
      1.9280089418316493e-05,
      7.95819145979116e-06
    ],
    "14": [
      1.480569608247606e-05,
      1.0105281433237921e-05,
      1.4255309679356287e-05,
      8.93703233280229e-06
    ],
    "15": [
      1.3685162230103742e-05,
      7.465388138162992e-06,
      1.6372732716263272e-05,
      6.949367914538858e-06
    ]
  },
  "amplitudes": [
    [
      5.9339658946555573e-05,
      7.079796432662988e-05
    ],
    [
      0.023159615229815245,
      0.0392164196819067
    ],
    [
      2.8173919872642728e-05,
      5.181927917874418e-05
    ],
    [
      0.00016824957128847018,
      0.0004695667666965164
    ],
    [
      6.850579211459262e-05,
      0.0001547602550999727
    ],
    [
      7.332985205721343e-05,
      0.00023077844161889516
    ],
    [
      0.012688052374869585,
      0.028291314374655485
    ],
    [
      0.00025144183382508345,
      0.0006180303171277046
    ],
    [
      0.010103746317327023,
      0.022288633044809103
    ],
    [
      0.00037047549994895235,
      0.0008708316454431042
    ],
    [
      0.00032903837563935667,
      0.0006687908171443269
    ],
    [
      0.0006499341543531045,
      0.0012208246334921569
    ],
    [
      0.34652401275281297,
      0.44520767685328877
    ],
    [
      0.15740954504402366,
      0.22512848931671262
    ],
    [
      0.3827031966144376,
      0.6
    ],
    [
      0.0017523705901112407,
      0.004608867166098207
    ],
    [
      0.06351886317133904,
      0.1320421602576971
    ],
    [
      0.00938494922593236,
      0.019385056803002954
    ],
    [
      0.009396891109645367,
      0.01774681149981916
    ],
    [
      0.052085183560848236,
      0.10818225331604481
    ],
    [
      0.3497375175356865,
      0.5636711418628693
    ],
    [
      0.09199434891343117,
      0.16291256994009018
    ],
    [
      0.004192244668956846,
      0.007576512289233506
    ],
    [
      0.11468730866909027,
      0.19438033923506737
    ],
    [
      0.34306149412189324,
      0.6
    ],
    [
      0.18417653649022386,
      0.29474832326176575
    ],
    [
      0.013592577927033958,
      0.03297758815108651
    ],
    [
      0.177473034709692,
      0.3400227800011635
    ],
    [
      0.011194568360224366,
      0.02127788495272398
    ],
    [
      0.34630802744635464,
      0.5999999999999999
    ],
    [
      0.03976508998471837,
      0.08199094936194917
    ],
    [
      0.0567678878785406,
      0.09428527494725594
    ],
    [
      0.011400923831388354,
      0.02411482622846961
    ],
    [
      0.030836444348096848,
      0.07573564071208239
    ],
    [
      0.013868174282833934,
      0.02751119202002883
    ],
    [
      0.0017612414376344532,
      0.0034580580540932715
    ],
    [
      0.003337400557938963,
      0.009709393489174545
    ],
    [
      0.006501726456917822,
      0.01703510177321732
    ],
    [
      0.00021315549020073377,
      0.0005685366340912879
    ],
    [
      0.0006998138269409537,
      0.0018947204807773232
    ],
    [
      0.0010004298383137211,
      0.00210250451345928
    ],
    [
      0.00014975778867665213,
      0.0003996465602540411
    ],
    [
      0.00027145748390466906,
      0.0006630178540945053
    ],
    [
      0.009264685795642436,
      0.020054324995726347
    ],
    [
      0.00042341838707216084,
      0.0008955231896834448
    ],
    [
      8.564824383938685e-05,
      0.0002544743074395228
    ],
    [
      0.0002512777427909896,
      0.0006549555109813809
    ],
    [
      7.4847571340797e-05,
      0.00014882276445860043
    ]
  ],
  "signal_quality": [
    {
      "level": 1,
      "saturated": false,
      "xtalk": false
    },
    {
      "level": 3,
      "saturated": false,
      "xtalk": false
    },
    {
      "level": 1,
      "saturated": false,
      "xtalk": false
    },
    {
      "level": 1,
      "saturated": false,
      "xtalk": false
    },
    {
      "level": 1,
      "saturated": false,
      "xtalk": false
    },
    {
      "level": 1,
      "saturated": false,
      "xtalk": false
    },
    {
      "level": 3,
      "saturated": false,
      "xtalk": false
    },
    {
      "level": 1,
      "saturated": false,
      "xtalk": false
    },
    {
      "level": 3,
      "saturated": false,
      "xtalk": false
    },
    {
      "level": 1,
      "saturated": false,
      "xtalk": false
    },
    {
      "level": 1,
      "saturated": false,
      "xtalk": false
    },
    {
      "level": 2,
      "saturated": false,
      "xtalk": false
    },
    {
      "level": 3,
      "saturated": false,
      "xtalk": false
    },
    {
      "level": 3,
      "saturated": false,
      "xtalk": false
    },
    {
      "level": 3,
      "saturated": false,
      "xtalk": false
    },
    {
      "level": 2,
      "saturated": false,
      "xtalk": false
    },
    {
      "level": 3,
      "saturated": false,
      "xtalk": false
    },
    {
      "level": 3,
      "saturated": false,
      "xtalk": false
    },
    {
      "level": 3,
      "saturated": false,
      "xtalk": false
    },
    {
      "level": 3,
      "saturated": false,
      "xtalk": false
    },
    {
      "level": 3,
      "saturated": false,
      "xtalk": false
    },
    {
      "level": 3,
      "saturated": false,
      "xtalk": false
    },
    {
      "level": 3,
      "saturated": false,
      "xtalk": false
    },
    {
      "level": 3,
      "saturated": false,
      "xtalk": false
    },
    {
      "level": 3,
      "saturated": false,
      "xtalk": false
    },
    {
      "level": 3,
      "saturated": false,
      "xtalk": false
    },
    {
      "level": 3,
      "saturated": false,
      "xtalk": false
    },
    {
      "level": 3,
      "saturated": false,
      "xtalk": false
    },
    {
      "level": 3,
      "saturated": false,
      "xtalk": false
    },
    {
      "level": 3,
      "saturated": false,
      "xtalk": false
    },
    {
      "level": 3,
      "saturated": false,
      "xtalk": false
    },
    {
      "level": 3,
      "saturated": false,
      "xtalk": false
    },
    {
      "level": 3,