{
  "dark_noise": {
    "0": [
      1.7689831111056264e-05,
      8.505593578458327e-06,
      1.4792217370995786e-05,
      7.117931010512565e-06
    ],
    "1": [
      1.6364820112357847e-05,
      8.077385586641239e-06,
      1.5493570799662848e-05,
      5.364202292254982e-06
    ],
    "2": [
      1.4864718878015992e-05,
      1.0125268523707524e-05,
      1.6101740811791387e-05,
      7.120672351537651e-06
    ],
    "3": [
      1.6516278265044093e-05,
      7.077713433016075e-06,
      9.071716817743436e-06,
      6.468467634441305e-06
    ],
    "4": [
      1.9552592220861698e-05,
      9.798520278426412e-06,
      1.9709350453922525e-05,
      6.8310960792921616e-06
    ],
    "5": [
      1.1737863587768516e-05,
      6.93923856878213e-06,
      1.6153611568370252e-05,
      7.848117040785899e-06
    ],
    "6": [
      1.5093777392394259e-05,
      9.674637224684774e-06,
      1.4081514336794498e-05,
      1.0159135244598614e-05
    ],
    "7": [
      1.8888331396738067e-05,
      7.227165893413986e-06,
      1.1535788644323475e-05,
      8.87387518587514e-06
    ],
    "8": [
      1.435209924238734e-05,
      1.071977755754374e-05,
      1.816027975110046e-05,
      8.691202073418066e-06
    ],
    "9": [
      1.605775764801365e-05,
      8.528925416142058e-06,
      1.6598833099124022e-05,
      5.617706911745476e-06
    ],
    "10": [
      1.4895249478286132e-05,
      8.25533446347025e-06,
      1.2000700735370629e-05,
      7.789480617598875e-06
    ],
    "11": [
      1.6543364154131268e-05,
      9.066721692692902e-06,
      1.2377616940284497e-05,
      8.429621443481756e-06
    ],
    "12": [
      1.5244708038153476e-05,
      7.28915912058437e-06,
      1.2652924397116294e-05,
      6.668651857193386e-06
    ],
    "13": [
      1.3466766404235386e-05,
      6.372544005652283e-06,
      1.5397573633890715e-05,
      6.5735804301714916e-06
    ],
    "14": [
      1.3237635130280978e-05,
      6.941059087143767e-06,
      1.2211982038934366e-05,
      8.591440815450997e-06
    ],
    "15": [
      1.1091491387560382e-05,
      7.110776133380657e-06,
      1.2889972822449636e-05,
      8.023527695724947e-06
    ]
  },
  "amplitudes": [
    [
      0.004551834717858583,
      0.010937292827293277
    ],
    [
      0.06242081057280302,
      0.14157661236822605
    ],
    [
      0.011301572667434812,
      0.025211398024111986
    ],
    [
      0.004704352759290487,
      0.012859305134043097
    ],
    [
      0.0027717530610971153,
      0.007186767179518938
    ],
    [
      0.025520562194287777,
      0.05067723337560892
    ],
    [
      0.013375557027757168,
      0.03721859073266387
    ],
    [
      0.004983761464245617,
      0.010387313086539507
    ],
    [
      0.01923909760080278,
      0.04429809749126434
    ],
    [
      0.00802714901510626,
      0.017812633886933327
    ],
    [
      0.0029989267932251096,
      0.006114518619142473
    ],
    [
      0.00540371926035732,
      0.009556537843309343
    ],
    [
      0.0013747582852374762,
      0.010520564392209053
    ],
    [
      0.00021462925360538065,
      0.001964646071428433
    ],
    [
      0.004759803123306483,
      0.03633960848674178
    ],
    [
      0.013659944524988532,
      0.0433029280975461
    ],
    [
      0.011780870845541358,
      0.03782082349061966
    ],
    [
      0.015804216964170337,
      0.03610090119764209
    ],
    [
      0.002888386370614171,
      0.00901720894034952
    ],
    [
      0.00019733763110707514,
      0.0025144705432467163
    ],
    [
      0.0006819520058343187,
      0.00593081524129957
    ],
    [
      0.0002023666638706345,
      0.0022752577206119895
    ],
    [
      0.00018469976566848345,
      0.0007613984780618921
    ],
    [
      0.000227690161409555,
      0.0012815291120205075
    ],
    [
      0.33275927187401744,
      0.6000000000000001
    ],
    [
      0.04002698685242664,
      0.08387582324162775
    ],
    [
      0.01125255689179648,
      0.02706416530641217
    ],
    [
      0.029368717223405838,
      0.09024173952639103
    ],
    [
      0.0014777819160372019,
      0.006256141350604594
    ],
    [
      0.475386084255928,
      0.6
    ],
    [
      0.21219374783685313,
      0.30748191804469516
    ],
    [
      0.35641795699604484,
      0.49889543130596015
    ],
    [
      0.03048444865271449,
      0.08330040611326694
    ],
    [
      0.10368035174906254,
      0.21640373393893242
    ],
    [
      0.0129058922175318,
      0.04213042091578245
    ],
    [
      0.03342668525874615,
      0.0636178208515048
    ],
    [
      0.08836275897920132,
      0.16631407663226128
    ],
    [
      0.09369865991175175,
      0.19338717684149742
    ],
    [
      0.03284998005256057,
      0.059862565249204636
    ],
    [
      0.04073249641805887,
      0.08183016441762447
    ],
    [
      0.003304875863250345,
      0.011341647477820516
    ],
    [
      0.0083860382437706,
      0.020411473233252764
    ],
    [
      0.011476975632831454,
      0.026187270414084196
    ],
    [
      0.16852684319019318,
      0.3440624475479126
    ],
    [
      0.026829056441783905,
      0.05984200630337
    ],
    [
      0.008196316775865853,
      0.020819262135773897
    ],
    [
      0.016362209571525455,
      0.04905192647129297
    ],
    [
      0.006258307257667184,
      0.014617569977417588
    ]
  ],
  "signal_quality": [
    {
      "level": 3,
      "saturated": false,
      "xtalk": false
    },
    {
      "level": 3,
      "saturated": false,
      "xtalk": false
    },
    {
      "level": 3,
      "saturated": false,
      "xtalk": false
    },
    {
      "level": 3,
      "saturated": false,
      "xtalk": false
    },
    {
      "level": 2,
      "saturated": false,
      "xtalk": false
    },
    {
      "level": 3,
      "saturated": false,
      "xtalk": false
    },
    {
      "level": 3,
      "saturated": false,
      "xtalk": false
    },
    {
      "level": 3,
      "saturated": false,
      "xtalk": false
    },
    {
      "level": 3,
      "saturated": false,
      "xtalk": false
    },
    {
      "level": 3,
      "saturated": false,
      "xtalk": false
    },
    {
      "level": 2,
      "saturated": false,
      "xtalk": false
    },
    {
      "level": 3,
      "saturated": false,
      "xtalk": false
    },
    {
      "level": 2,
      "saturated": false,
      "xtalk": false
    },
    {
      "level": 1,
      "saturated": false,
      "xtalk": false
    },
    {
      "level": 3,
      "saturated": false,
      "xtalk": false
    },
    {
      "level": 3,
      "saturated": false,
      "xtalk": false
    },
    {
      "level": 3,
      "saturated": false,
      "xtalk": false
    },
    {
      "level": 3,
      "saturated": false,
      "xtalk": false
    },
    {
      "level": 2,
      "saturated": false,
      "xtalk": false
    },
    {
      "level": 1,
      "saturated": false,
      "xtalk": false
    },
    {
      "level": 2,
      "saturated": false,
      "xtalk": false
    },
    {
      "level": 1,
      "saturated": false,
      "xtalk": false
    },
    {
      "level": 1,
      "saturated": false,
      "xtalk": false
    },
    {
      "level": 1,
      "saturated": false,
      "xtalk": false
    },
    {
      "level": 3,
      "saturated": false,
      "xtalk": false
    },
    {
      "level": 3,
      "saturated": false,
      "xtalk": false
    },
    {
      "level": 3,
      "saturated": false,
      "xtalk": false
    },
    {
      "level": 3,
      "saturated": false,
      "xtalk": false
    },
    {
      "level": 2,
      "saturated": false,
      "xtalk": false
    },
    {
      "level": 3,
      "saturated": false,
      "xtalk": false
    },
    {
      "level": 3,
      "saturated": false,
      "xtalk": false
    },
    {
      "level": 3,
      "saturated": false,
      "xtalk": false
    },
    {
      "level": 3,
      "saturated": false,