{
  "dark_noise": {
    "0": [
      1.5659657037758734e-05,
      8.098365181052011e-06,
      1.3455638736559195e-05,
      8.583149610431901e-06
    ],
    "1": [
      1.4880788512527943e-05,
      9.605060605977397e-06,
      1.6464591681142338e-05,
      9.51341737103488e-06
    ],
    "2": [
      2.105831754306564e-05,
      9.788532168817045e-06,
      1.4154410337141599e-05,
      8.462417231081905e-06
    ],
    "3": [
      1.458532551623648e-05,
      9.733888754251871e-06,
      1.5740230310257175e-05,
      9.297643896819306e-06
    ],
    "4": [
      1.6079653732958832e-05,
      9.149589575643231e-06,
      1.6573958419030532e-05,
      1.0403997768699685e-05
    ],
    "5": [
      1.4969540416132077e-05,
      6.178044518071445e-06,
      2.046691633950104e-05,
      9.283877725725107e-06
    ],
    "6": [
      3.002829771503457e-05,
      5.1390847359829115e-05,
      2.6332756988267647e-05,
      4.801289575195306e-05
    ],
    "7": [
      2.4084997676254716e-05,
      7.087878267139881e-05,
      2.1233449842839036e-05,
      6.019353607860603e-05
    ],
    "8": [
      0.00010521999683987815,
      0.0005481386488130604,
      6.73047679811134e-05,
      0.00043528603702183596
    ],
    "9": [
      1.8007020798904705e-05,
      1.552685482402922e-05,
      2.2038755105313612e-05,
      1.695316751349215e-05
    ],
    "10": [
      1.6500221136084292e-05,
      9.649835218636796e-06,
      1.6320923350576777e-05,
      7.1121121326239774e-06
    ],
    "11": [
      1.67762016189954e-05,
      7.212965197394371e-06,
      1.684681478764105e-05,
      9.545810984993811e-06
    ],
    "12": [
      1.2210377917654114e-05,
      8.724831265323296e-06,
      1.3127067859386443e-05,
      6.884344196302545e-06
    ],
    "13": [
      1.577790158080461e-05,
      1.0270162535750667e-05,
      1.855355549196247e-05,
      1.101350787145515e-05
    ],
    "14": [
      1.4623706192651298e-05,
      6.9112409941573426e-06,
      1.4148803302305168e-05,
      5.3009391405167016e-06
    ],
    "15": [
      1.3129420040058903e-05,
      8.052580317171264e-06,
      1.8171521105614374e-05,
      9.276856307863022e-06
    ]
  },
  "amplitudes": [
    [
      4.8961478569253813e-05,
      5.8401292335474864e-05
    ],
    [
      0.019702361896634102,
      0.03406825475394726
    ],
    [
      2.7190562832402065e-05,
      4.9908812798094004e-05
    ],
    [
      0.00014281863514042925,
      0.0004090747097507119
    ],
    [
      4.832966169487918e-05,
      0.00011787017683673184
    ],
    [
      3.881204520439496e-05,
      0.00014009609003551304
    ],
    [
      0.008322328794747591,
      0.0202517700381577
    ],
    [
      0.00016037629393395036,
      0.00043494455894688144
    ],
    [
      0.00522809918038547,
      0.012999119935557246
    ],
    [
      0.00031067214877111837,
      0.0007519128848798573
    ],
    [
      0.0002656554897839669,
      0.0005397707354859449
    ],
    [
      0.0006443577149184421,
      0.0012264828546904027
    ],
    [
      0.4159197422798349,
      0.5352468192005273
    ],
    [
      0.21076507763183874,
      0.31856769318491146
    ],
    [
      0.3686383487755488,
      0.6
    ],
    [
      0.0016377336578443646,
      0.0041197086102329195
    ],
    [
      0.05258562043309212,
      0.10763250291347504
    ],
    [
      0.007036630995571613,
      0.014360114000737667
    ],
    [
      0.00980866956524551,
      0.01882047508843243
    ],
    [
      0.04861090797930956,
      0.09281661361455917
    ],
    [
      0.25981949642300606,
      0.36633018404245377
    ],
    [
      0.0801058579236269,
      0.14177821576595306
    ],
    [
      0.004021231143269688,
      0.00736331392545253
    ],
    [
      0.10187231004238129,
      0.17902376130223274
    ],
    [
      0.3373260036216473,
      0.5999999999999999
    ],
    [
      0.15125654046622802,
      0.256917875540246
    ],
    [
      0.007599800372810118,
      0.019243518264908242
    ],
    [
      0.1277643535286188,
      0.2564948610961437
    ],
    [
      0.0078579131513834,
      0.015239102067425847
    ],
    [
      0.34786652556000497,
      0.6
    ],
    [
      0.030798813963538736,
      0.062112511811275896
    ],
    [
      0.04919085205041006,
      0.07696138056459678
    ],
    [
      0.008168274071067572,
      0.017580073326826096
    ],
    [
      0.02496232744306326,
      0.060841869562864304
    ],
    [
      0.011381165822967887,
      0.02256441628560424
    ],
    [
      0.001242378493770957,
      0.002464916033204645
    ],
    [
      0.002351674484089017,
      0.006712570320814848
    ],
    [
      0.0055990106193348765,
      0.014428333379328251
    ],
    [
      0.00017918051526066847,
      0.00045474069338524714
    ],
    [
      0.0006108920933911577,
      0.0016272718494292349
    ],
    [
      0.0006106754153734073,
      0.0013404192577581853
    ],
    [
      9.487771421845537e-05,
      0.0002702425808820408
    ],
    [
      0.0001526687447039876,
      0.00037705973227275535
    ],
    [
      0.00781436508987099,
      0.016793495742604136
    ],
    [
      0.00037138237530598417,
      0.0007699531852267683
    ],
    [
      5.28371629116009e-05,
      0.00017204036339535378
    ],
    [
      0.0001895090281323064,
      0.0005073727879789658
    ],
    [
      3.916152763849823e-05,
      0.00010835533430508804
    ]
  ],
  "signal_quality": [
    {
      "level": 1,
      "saturated": false,
      "xtalk": false
    },
    {
      "level": 3,
      "saturated": false,
      "xtalk": false
    },
    {
      "level": 1,
      "saturated": false,
      "xtalk": false
    },
    {
      "level": 1,
      "saturated": false,
      "xtalk": false
    },
    {
      "level": 1,
      "saturated": false,
      "xtalk": false
    },
    {
      "level": 1,
      "saturated": false,
      "xtalk": false
    },
    {
      "level": 3,
      "saturated": false,
      "xtalk": false
    },
    {
      "level": 1,
      "saturated": false,
      "xtalk": false
    },
    {
      "level": 3,
      "saturated": false,
      "xtalk": false
    },
    {
      "level": 1,
      "saturated": false,
      "xtalk": false
    },
    {
      "level": 1,
      "saturated": false,
      "xtalk": false
    },
    {
      "level": 2,
      "saturated": false,
      "xtalk": false
    },
    {
      "level": 3,
      "saturated": false,
      "xtalk": false
    },
    {
      "level": 3,
      "saturated": false,
      "xtalk": false
    },
    {
      "level": 3,
      "saturated": false,
      "xtalk": false
    },
    {
      "level": 2,
      "saturated": false,
      "xtalk": false
    },
    {
      "level": 3,
      "saturated": false,
      "xtalk": false
    },
    {
      "level": 3,
      "saturated": false,
      "xtalk": false
    },
    {
      "level": 3,
      "saturated": false,
      "xtalk": false
    },
    {
      "level": 3,
      "saturated": false,
      "xtalk": false
    },
    {
      "level": 3,
      "saturated": false,
      "xtalk": false
    },
    {
      "level": 3,
      "saturated": false,
      "xtalk": false
    },
    {
      "level": 3,
      "saturated": false,
      "xtalk": false
    },
    {
      "level": 3,
      "saturated": false,
      "xtalk": false
    },
    {
      "level": 3,
      "saturated": false,
      "xtalk": false
    },
    {
      "level": 3,
      "saturated": false,
      "xtalk": false
    },
    {
      "level": 3,
      "saturated": false,
      "xtalk": false
    },
    {
      "level": 3,
      "saturated": false,
      "xtalk": false
    },
    {
      "level": 3,
      "saturated": false,
      "xtalk": false
    },
    {
      "level": 3,
      "saturated": false,
      "xtalk": false
    },
    {
      "level": 3,
      "saturated": false,
      "xtalk": false
    },
    {
      "level": 3,
      "saturated": false,
      "xtalk": false
    },
    {
      "level": 3,