{
  "dark_noise": {
    "0": [
      1.7803362197810202e-05,
      8.389103065577039e-06,
      2.0467462036322104e-05,
      9.436026579796902e-06
    ],
    "1": [
      1.2780441238646745e-05,
      5.513912300773234e-06,
      1.4879165064485278e-05,
      9.788477319709388e-06
    ],
    "2": [
      1.905607291519118e-05,
      1.0071615678457556e-05,
      1.2810434100174461e-05,
      6.388496004463011e-06
    ],
    "3": [
      2.0521295027720043e-05,
      1.2061636368848135e-05,
      1.8667818721951335e-05,
      9.678316338898566e-06
    ],
    "4": [
      1.574567136231053e-05,
      8.54168675508553e-06,
      1.9672734197229147e-05,
      1.0760988514394001e-05
    ],
    "5": [
      2.640228331074468e-05,
      1.1473009627429664e-05,
      1.2927184798172675e-05,
      1.1729310204454247e-05
    ],
    "6": [
      1.7317524907412007e-05,
      1.329034332829422e-05,
      1.4692442391606164e-05,
      7.172289287965251e-06
    ],
    "7": [
      1.7488724779468612e-05,
      1.1170922891580092e-05,
      2.2039114355720812e-05,
      9.465873675821693e-06
    ],
    "8": [
      2.057417304968112e-05,
      1.716169537348695e-05,
      1.6646746416881797e-05,
      1.095358385850564e-05
    ],
    "9": [
      2.0609697912732372e-05,
      1.3624446301759518e-05,
      2.265369630549685e-05,
      1.0142460928136129e-05
    ],
    "10": [
      1.860231236605614e-05,
      1.3196542560589216e-05,
      2.2444712612923468e-05,
      1.0786315713807585e-05
    ],
    "11": [
      1.8388273019809276e-05,
      1.4655426977799564e-05,
      1.567467847962689e-05,
      1.1500958761191199e-05
    ],
    "12": [
      1.9261162833572598e-05,
      1.1313530327159447e-05,
      1.7177045492644538e-05,
      8.71379360628063e-06
    ],
    "13": [
      1.8051754295811406e-05,
      1.0458050515406818e-05,
      1.2521817325250595e-05,
      9.205228036975403e-06
    ],
    "14": [
      1.832232555898372e-05,
      1.0876375301617583e-05,
      1.6788153516245075e-05,
      1.0500719991061845e-05
    ],
    "15": [
      2.070056325464975e-05,
      1.4317693175505834e-05,
      1.447630438633496e-05,
      9.139855814489874e-06
    ]
  },
  "amplitudes": [
    [
      0.0001387477186653996,
      0.00029102711778250523
    ],
    [
      0.008552970248274505,
      0.016919734189286828
    ],
    [
      0.00036240042391000316,
      0.0008295304724015296
    ],
    [
      0.00017077909433282912,
      0.00038975351344561204
    ],
    [
      0.0003109620956820436,
      0.0006086027133278549
    ],
    [
      0.004190039180684835,
      0.007109373691491783
    ],
    [
      0.004430199333000928,
      0.01090429606847465
    ],
    [
      0.0026302551850676537,
      0.004680663405451924
    ],
    [
      0.05370125640183687,
      0.09637518785893917
    ],
    [
      0.00041029041312867776,
      0.0007430609548464417
    ],
    [
      0.0005914407302043401,
      0.0010395492427051067
    ],
    [
      0.0008603616879554465,
      0.0015054747927933931
    ],
    [
      0.03604640521248114,
      0.04884568536827012
    ],
    [
      0.07250222863725204,
      0.08814586678857168
    ],
    [
      0.447490487334857,
      0.6
    ],
    [
      0.004789147060364485,
      0.009737967047840357
    ],
    [
      0.013807700015604496,
      0.027816591318696737
    ],
    [
      0.004518481146078557,
      0.007773002726025879
    ],
    [
      0.013326468179002404,
      0.024805672001093626
    ],
    [
      0.15451469458639622,
      0.3174016997218132
    ],
    [
      0.3004651330411434,
      0.42219024151563644
    ],
    [
      0.061145941726863384,
      0.10703261010348797
    ],
    [
      0.001969140867004171,
      0.004878731269855052
    ],
    [
      0.011016009375452995,
      0.02331844298169017
    ],
    [
      0.20479829981923103,
      0.27993232011795044
    ],
    [
      0.05970671772956848,
      0.10921288281679153
    ],
    [
      0.07068087812513113,
      0.11879020370543003
    ],
    [
      0.05658137146383524,
      0.12359153479337692
    ],
    [
      0.006302770343609154,
      0.014813923044130206
    ],
    [
      0.4364584538336528,
      0.5999999999999999
    ],
    [
      0.04697317551851485,
      0.07153025706677785
    ],
    [
      0.12564208457590692,
      0.12288007943429886
    ],
    [
      0.007320410222746432,
      0.015299824299290776
    ],
    [
      0.030217785388231277,
      0.049783261492848396
    ],
    [
      0.0031509646214544773,
      0.0073579529998824
    ],
    [
      0.005024283309467137,
      0.007739751599729061
    ],
    [
      0.06937762256711721,
      0.13986253179609776
    ],
    [
      0.08338724263012409,
      0.1218066643923521
    ],
    [
      0.006966926739551127,
      0.012399532133713365
    ],
    [
      0.013468241086229682,
      0.023519436363130808
    ],
    [
      0.0015099384472705424,
      0.004506140248849988
    ],
    [
      0.0010948167619062588,
      0.0022354985412675887
    ],
    [
      0.0006887385825393721,
      0.0015046022599563003
    ],
    [
      0.11311841197311878,
      0.19657867029309273
    ],
    [
      0.0009267387940781191,
      0.002137538540409878
    ],
    [
      0.0002744889025052544,
      0.0007798157457727939
    ],
    [
      0.001274116657441482,
      0.004144734411966056
    ],
    [
      0.0001694723505352158,
      0.0004549615186988376
    ]
  ],
  "signal_quality": [
    {
      "level": 1,
      "saturated": false,
      "xtalk": false
    },
    {
      "level": 3,
      "saturated": false,
      "xtalk": false
    },
    {
      "level": 1,
      "saturated": false,
      "xtalk": false
    },
    {
      "level": 1,
      "saturated": false,
      "xtalk": false
    },
    {
      "level": 1,
      "saturated": false,
      "xtalk": false
    },
    {
      "level": 3,
      "saturated": false,
      "xtalk": false
    },
    {
      "level": 3,
      "saturated": false,
      "xtalk": false
    },
    {
      "level": 2,
      "saturated": false,
      "xtalk": false
    },
    {
      "level": 3,
      "saturated": false,
      "xtalk": false
    },
    {
      "level": 1,
      "saturated": false,
      "xtalk": false
    },
    {
      "level": 2,
      "saturated": false,
      "xtalk": false
    },
    {
      "level": 2,
      "saturated": false,
      "xtalk": false
    },
    {
      "level": 3,
      "saturated": false,
      "xtalk": false
    },
    {
      "level": 3,
      "saturated": false,
      "xtalk": false
    },
    {
      "level": 3,
      "saturated": false,
      "xtalk": false
    },
    {
      "level": 3,
      "saturated": false,
      "xtalk": false
    },
    {
      "level": 3,
      "saturated": false,
      "xtalk": false
    },
    {
      "level": 3,
      "saturated": false,
      "xtalk": false
    },
    {
      "level": 3,
      "saturated": false,
      "xtalk": false
    },
    {
      "level": 3,
      "saturated": false,
      "xtalk": false
    },
    {
      "level": 3,
      "saturated": false,
      "xtalk": false
    },
    {
      "level": 3,
      "saturated": false,
      "xtalk": false
    },
    {
      "level": 2,
      "saturated": false,
      "xtalk": false
    },
    {
      "level": 3,
      "saturated": false,
      "xtalk": false
    },
    {
      "level": 3,
      "saturated": false,
      "xtalk": false
    },
    {
      "level": 3,
      "saturated": false,
      "xtalk": false
    },
    {
      "level": 3,
      "saturated": false,
      "xtalk": false
    },
    {
      "level": 3,
      "saturated": false,
      "xtalk": false
    },
    {
      "level": 3,
      "saturated": false,
      "xtalk": false
    },
    {
      "level": 3,
      "saturated": false,
      "xtalk": false
    },
    {
      "level": 3,
      "saturated": false,
      "xtalk": false
    },
    {
      "level": 3,
      "saturated": false,
      "xtalk": false
    },
    {
      "level": 3,