{
  "dark_noise": {
    "0": [
      1.1507419230838423e-05,
      8.276438943545482e-06,
      1.6486505955981556e-05,
      6.9452032531324834e-06
    ],
    "1": [
      1.3566435654865927e-05,
      7.315377884432474e-06,
      1.5105318880159757e-05,
      6.179343002588279e-06
    ],
    "2": [
      1.5737776948299143e-05,
      8.156494430024686e-06,
      1.6968479030765593e-05,
      7.827209611613726e-06
    ],
    "3": [
      1.2354119007795816e-05,
      7.1988625787434825e-06,
      1.880845502455486e-05,
      1.0693722396199636e-05
    ],
    "4": [
      1.416000486642588e-05,
      5.918071662316582e-06,
      1.405186139891157e-05,
      8.948362127281113e-06
    ],
    "5": [
      1.5177829482126981e-05,
      7.84309458322045e-06,
      2.1259791083139135e-05,
      6.645394960007738e-06
    ],
    "6": [
      1.2290453241803334e-05,
      1.0450783863751643e-05,
      1.4591527133234194e-05,
      7.571579414064201e-06
    ],
    "7": [
      1.2306468306633178e-05,
      7.795457319044344e-06,
      1.6126517721204436e-05,
      9.034272781427153e-06
    ],
    "8": [
      1.339193318017351e-05,
      7.237774597997646e-06,
      1.3145921684554196e-05,
      6.954820183225042e-06
    ],
    "9": [
      1.669010657678882e-05,
      6.862398102646371e-06,
      2.0291390683269128e-05,
      8.853196895710634e-06
    ],
    "10": [
      1.820756210690888e-05,
      8.493520536222341e-06,
      2.0636898625525646e-05,
      9.697727001141593e-06
    ],
    "11": [
      1.68711176229408e-05,
      9.497858485488665e-06,
      1.4926262110748212e-05,
      9.542453023217194e-06
    ],
    "12": [
      1.5722486068625585e-05,
      8.668340368315034e-06,
      1.5184037920334958e-05,
      7.235242718765055e-06
    ],
    "13": [
      1.656073550293513e-05,
      6.034607790179409e-06,
      1.5717087080702186e-05,
      9.079876725006964e-06
    ],
    "14": [
      1.4666229617432691e-05,
      8.593455757086717e-06,
      1.6940925888775382e-05,
      7.422874877892354e-06
    ],
    "15": [
      1.4203351383912377e-05,
      6.193749617968025e-06,
      1.9876913484040415e-05,
      1.0968747151844334e-05
    ]
  },
  "amplitudes": [
    [
      0.0016035356384236366,
      0.004985757987014949
    ],
    [
      0.051751802675426006,
      0.10972577147185802
    ],
    [
      0.003030560619663447,
      0.0074031599797308445
    ],
    [
      0.0011417028144933283,
      0.004812482511624694
    ],
    [
      0.0016850624524522573,
      0.004382062470540404
    ],
    [
      0.02402100246399641,
      0.0409278878942132
    ],
    [
      0.014396831393241882,
      0.02646319568157196
    ],
    [
      0.0086762267164886,
      0.01596873509697616
    ],
    [
      0.07939783856272697,
      0.12157469056546688
    ],
    [
      0.0011827599519165233,
      0.002491085324436426
    ],
    [
      0.004163715348113328,
      0.005719573819078505
    ],
    [
      0.0022583788086194545,
      0.004302091256249696
    ],
    [
      0.18743977013669014,
      0.23207357715462135
    ],
    [
      0.10086453363964618,
      0.13349640657433878
    ],
    [
      0.44092908136345366,
      0.6
    ],
    [
      0.012926791096106172,
      0.026220788713544607
    ],
    [
      0.07931829430162907,
      0.16114501282572746
    ],
    [
      0.013298803241923451,
      0.02887849695980549
    ],
    [
      0.040059518069028854,
      0.07187378127127886
    ],
    [
      0.052576059542070355,
      0.10770640836817111
    ],
    [
      0.4011401957750502,
      0.6
    ],
    [
      0.14242225585924112,
      0.23118605558987135
    ],
    [
      0.009546512155793607,
      0.02248241798952222
    ],
    [
      0.3036169148981571,
      0.4719559848308563
    ],
    [
      0.32777279715762203,
      0.6
    ],
    [
      0.26082864805003136,
      0.47125876685298507
    ],
    [
      0.05983547902192578,
      0.13216770727945956
    ],
    [
      0.33181418765072224,
      0.6
    ],
    [
      0.03826166624721904,
      0.06767815172364239
    ],
    [
      0.363038699622606,
      0.6
    ],
    [
      0.017504272536320045,
      0.03778941117288943
    ],
    [
      0.04089841122610971,
      0.04609607359730221
    ],
    [
      0.03125642193481326,
      0.07792675867676735
    ],
    [
      0.03769563278183341,
      0.08429509587585926
    ],
    [
      0.017525884322822094,
      0.041080331429839134
    ],
    [
      0.009980408940464258,
      0.01629332546144724
    ],
    [
      0.022235966753214598,
      0.051827472634613514
    ],
    [
      0.09171807207167149,
      0.1471732184290886
    ],
    [
      0.004204879514873028,
      0.008709282265044749
    ],
    [
      0.032716598361730576,
      0.0596025912091136
    ],
    [
      0.005830753943882883,
      0.012078133877366781
    ],
    [
      0.005908430903218687,
      0.011374200694262981
    ],
    [
      0.0015629001427441835,
      0.003695888153742999
    ],
    [
      0.2179356850683689,
      0.3905848041176796
    ],
    [
      0.0036240104236640036,
      0.00902902742382139
    ],
    [
      0.0011651778913801536,
      0.0036786249256692827
    ],
    [
      0.001868897961685434,
      0.007976097986102104
    ],
    [
      0.0006746776489308104,
      0.0017901368846651167
    ]
  ],
  "signal_quality": [
    {
      "level": 2,
      "saturated": false,
      "xtalk": false
    },
    {
      "level": 3,
      "saturated": false,
      "xtalk": false
    },
    {
      "level": 3,
      "saturated": false,
      "xtalk": false
    },
    {
      "level": 2,
      "saturated": false,
      "xtalk": false
    },
    {
      "level": 2,
      "saturated": false,
      "xtalk": false
    },
    {
      "level": 3,
      "saturated": false,
      "xtalk": false
    },
    {
      "level": 3,
      "saturated": false,
      "xtalk": false
    },
    {
      "level": 3,
      "saturated": false,
      "xtalk": false
    },
    {
      "level": 3,
      "saturated": false,
      "xtalk": false
    },
    {
      "level": 2,
      "saturated": false,
      "xtalk": false
    },
    {
      "level": 3,
      "saturated": false,
      "xtalk": false
    },
    {
      "level": 2,
      "saturated": false,
      "xtalk": false
    },
    {
      "level": 3,
      "saturated": false,
      "xtalk": false
    },
    {
      "level": 3,
      "saturated": false,
      "xtalk": false
    },
    {
      "level": 3,
      "saturated": false,
      "xtalk": false
    },
    {
      "level": 3,
      "saturated": false,
      "xtalk": false
    },
    {
      "level": 3,
      "saturated": false,
      "xtalk": false
    },
    {
      "level": 3,
      "saturated": false,
      "xtalk": false
    },
    {
      "level": 3,
      "saturated": false,
      "xtalk": false
    },
    {
      "level": 3,
      "saturated": false,
      "xtalk": false
    },
    {
      "level": 3,
      "saturated": false,
      "xtalk": false
    },
    {
      "level": 3,
      "saturated": false,
      "xtalk": false
    },
    {
      "level": 3,
      "saturated": false,
      "xtalk": false
    },
    {
      "level": 3,
      "saturated": false,
      "xtalk": false
    },
    {
      "level": 3,
      "saturated": false,
      "xtalk": false
    },
    {
      "level": 3,
      "saturated": false,
      "xtalk": false
    },
    {
      "level": 3,
      "saturated": false,
      "xtalk": false
    },
    {
      "level": 3,
      "saturated": false,
      "xtalk": false
    },
    {
      "level": 3,
      "saturated": false,
      "xtalk": false
    },
    {
      "level": 3,
      "saturated": false,
      "xtalk": false
    },
    {
      "level": 3,
      "saturated": false,
      "xtalk": false
    },
    {
      "level": 3,
      "saturated": false,
      "xtalk": false
    },
    {
      "level": 3,
      "saturated": false,
      "xtalk": false
    },
    {
      "level": 3,
      "saturated": false,